<?xml version="1.0" encoding="UTF-8"?>
<!DOCTYPE generatorConfiguration
        PUBLIC "-//mybatis.org//DTD MyBatis Generator Configuration 1.0//EN"
        "http://mybatis.org/dtd/mybatis-generator-config_1_0.dtd">
<generatorConfiguration>
    <!-- 数据库驱动-->
    <classPathEntry  location="/Users/scorpion/IdeaProjects/LocalRepo/maven_jar/mysql/mysql-connector-java/5.1.30/mysql-connector-java-5.1.30.jar"/>
    <context id="DB2Tables"  targetRuntime="MyBatis3">
        <commentGenerator>
            <property name="suppressDate" value="true"/>
            <!-- 是否去除自动生成的注释 true：是 ： false:否 -->
            <property name="suppressAllComments" value="false"/>
        </commentGenerator>
        <!--数据库链接URL，用户名、密码 -->
        <jdbcConnection driverClass="com.mysql.jdbc.Driver" connectionURL="jdbc:mysql://10.199.130.232:3306/enterprise?characterEncoding=utf8" userId="root" password="password">
        </jdbcConnection>
        <javaTypeResolver>
            <property name="forceBigDecimals" value="false"/>
        </javaTypeResolver>
        <!-- 生成模型的包名和位置-->
        <javaModelGenerator targetPackage="com.scorpion.pojo" targetProject="src/main/java">
            <property name="enableSubPackages" value="true"/>
            <property name="trimStrings" value="true"/>
        </javaModelGenerator>
        <!-- 生成映射文件的包名和位置-->
        <sqlMapGenerator targetPackage="com.scorpion.mapping" targetProject="src/main/java">
            <property name="enableSubPackages" value="true"/>
        </sqlMapGenerator>
        <!-- 生成DAO的包名和位置-->
        <javaClientGenerator type="XMLMAPPER" targetPackage="com.scorpion.dao" targetProject="src/main/java">
            <property name="enableSubPackages" value="true"/>
        </javaClientGenerator>
        <!-- 要生成的表 tableName是数据库中的表名或视图名 domainObjectName是实体类名-->
        <!--<table tableName="tb_content" domainObjectName="NewsOfCompany" ></table>-->
        <!--<table tableName="topcompany" domainObjectName="NewsOfTopCompany" ></table>-->
        <!--<table tableName="shanghainews" domainObjectName="NewsOfSHZmq" ></table>-->
        <!--<table tableName="policy" domainObjectName="Policy" ></table>-->
        <!--<table tableName="zimaoqu_policy" domainObjectName="PolicyOfZmq" ></table>-->
        <!--<table tableName="zimaoqunews" domainObjectName="NewsOfOtherZmq" ></table>-->

        <!--<table tableName="GDP_Country" domainObjectName="IndicateOfGDPCountry" ></table>-->
        <!--<table tableName="GDP_SH" domainObjectName="IndicateOfGDPSH" ></table>-->
        <!--<table tableName="PPI" domainObjectName="IndicateOfPPI" ></table>-->
        <!--<table tableName="CPI_month" domainObjectName="IndicateOfCPI" ></table>-->
        <!--<table tableName="Export_Import" domainObjectName="IndicateOfExportImport" ></table>-->
        <!--<table tableName="BDI" domainObjectName="IndicateOfBDI" ></table>-->

        <!--<table tableName="bignews" domainObjectName="bignews" ></table>-->
        <!--<table tableName="negativenews" domainObjectName="negativenews" ></table>-->
        <!--<table tableName="companyinformation" domainObjectName="companyinformation" ></table>-->
        <!--<table tableName="currentnews" domainObjectName="currentnews" ></table>-->
        <!--<table tableName="admin" domainObjectName="adminInfo"></table>-->
        <!--<table tableName="toptest" domainObjectName="TopKeyAttention"></table>-->
        <!--<table tableName="comhealth" domainObjectName="ComHealthValue"></table>-->
        <!--<table tableName="mediaindex" domainObjectName="MediaIndex"></table>-->
        <table tableName="zmq_event" domainObjectName="ZmqEvent"></table>
        <!--<table tableName="credit_score" domainObjectName="CreditScore"></table>-->
    </context>
</generatorConfiguration>