<?xml version="1.0" encoding="UTF-8" ?>
<!DOCTYPE mapper PUBLIC "-//mybatis.org//DTD Mapper 3.0//EN" "http://mybatis.org/dtd/mybatis-3-mapper.dtd" >
<mapper namespace="com.scorpion.dao.ComHealthValueMapper" >
  <resultMap id="BaseResultMap" type="com.scorpion.pojo.ComHealthValue" >
    <!--
      WARNING - @mbggenerated
      This element is automatically generated by MyBatis Generator, do not modify.
    -->
    <id column="id" property="id" jdbcType="INTEGER" />
    <result column="healthvalue_month" property="healthvalueMonth" jdbcType="VARCHAR" />
    <result column="healthvalue_season" property="healthvalueSeason" jdbcType="VARCHAR" />
    <result column="posnum_month" property="posnumMonth" jdbcType="VARCHAR" />
    <result column="posnum_season" property="posnumSeason" jdbcType="VARCHAR" />
    <result column="negnum_month" property="negnumMonth" jdbcType="VARCHAR" />
    <result column="negnum_season" property="negnumSeason" jdbcType="VARCHAR" />
    <result column="health_value" property="health_value" jdbcType="REAL" />
  </resultMap>
  <resultMap id="ResultMapWithBLOBs" type="com.scorpion.pojo.ComHealthValue" extends="BaseResultMap" >
    <!--
      WARNING - @mbggenerated
      This element is automatically generated by MyBatis Generator, do not modify.
    -->
    <result column="name" property="name" jdbcType="LONGVARCHAR" />
  </resultMap>
  <sql id="Example_Where_Clause" >
    <!--
      WARNING - @mbggenerated
      This element is automatically generated by MyBatis Generator, do not modify.
    -->
    <where >
      <foreach collection="oredCriteria" item="criteria" separator="or" >
        <if test="criteria.valid" >
          <trim prefix="(" suffix=")" prefixOverrides="and" >
            <foreach collection="criteria.criteria" item="criterion" >
              <choose >
                <when test="criterion.noValue" >
                  and ${criterion.condition}
                </when>
                <when test="criterion.singleValue" >
                  and ${criterion.condition} #{criterion.value}
                </when>
                <when test="criterion.betweenValue" >
                  and ${criterion.condition} #{criterion.value} and #{criterion.secondValue}
                </when>
                <when test="criterion.listValue" >
                  and ${criterion.condition}
                  <foreach collection="criterion.value" item="listItem" open="(" close=")" separator="," >
                    #{listItem}
                  </foreach>
                </when>
              </choose>
            </foreach>
          </trim>
        </if>
      </foreach>
    </where>
  </sql>
  <sql id="Update_By_Example_Where_Clause" >
    <!--
      WARNING - @mbggenerated
      This element is automatically generated by MyBatis Generator, do not modify.
    -->
    <where >
      <foreach collection="example.oredCriteria" item="criteria" separator="or" >
        <if test="criteria.valid" >
          <trim prefix="(" suffix=")" prefixOverrides="and" >
            <foreach collection="criteria.criteria" item="criterion" >
              <choose >
                <when test="criterion.noValue" >
                  and ${criterion.condition}
                </when>
                <when test="criterion.singleValue" >
                  and ${criterion.condition} #{criterion.value}
                </when>
                <when test="criterion.betweenValue" >
                  and ${criterion.condition} #{criterion.value} and #{criterion.secondValue}
                </when>
                <when test="criterion.listValue" >
                  and ${criterion.condition}
                  <foreach collection="criterion.value" item="listItem" open="(" close=")" separator="," >
                    #{listItem}
                  </foreach>
                </when>
              </choose>
            </foreach>
          </trim>
        </if>
      </foreach>
    </where>
  </sql>
  <sql id="Base_Column_List" >
    <!--
      WARNING - @mbggenerated
      This element is automatically generated by MyBatis Generator, do not modify.
    -->
    id, healthvalue_month, healthvalue_season, posnum_month, posnum_season, negnum_month, 
    negnum_season
  </sql>
  <sql id="Blob_Column_List" >
    <!--
      WARNING - @mbggenerated
      This element is automatically generated by MyBatis Generator, do not modify.
    -->
    name
  </sql>
  <select id="selectByExampleWithBLOBs" resultMap="ResultMapWithBLOBs" parameterType="com.scorpion.pojo.ComHealthValueExample" >
    <!--
      WARNING - @mbggenerated
      This element is automatically generated by MyBatis Generator, do not modify.
    -->
    select
    <if test="distinct" >
      distinct
    </if>
    <include refid="Base_Column_List" />
    ,
    <include refid="Blob_Column_List" />
    from comhealth
    <if test="_parameter != null" >
      <include refid="Example_Where_Clause" />
    </if>
    <if test="orderByClause != null" >
      order by ${orderByClause}
    </if>
  </select>

  <select id="getNegNumStringMonth" parameterType="Map" resultType="java.lang.String">
    SELECT negnum_month from comhealth where name LIKE CONCAT('%',#{name},'%' )
  </select>
  <select id="getNegNumStringSeason" parameterType="Map" resultType="java.lang.String">
    SELECT negnum_season from comhealth where name LIKE CONCAT('%',#{name},'%' )
  </select>
  <select id="getPosNumStringMonth" parameterType="Map" resultType="java.lang.String">
    SELECT posnum_month from comhealth where name LIKE CONCAT('%',#{name},'%' )
  </select>
  <select id="getPosNumStringSeason" parameterType="Map" resultType="java.lang.String">
    SELECT posnum_season from comhealth where name LIKE CONCAT('%',#{name},'%' )
  </select>
  <select id="getHealthValueStringMonth" parameterType="Map" resultType="java.lang.String">
    SELECT healthvalue_month from comhealth where name LIKE CONCAT('%',#{name},'%' )
  </select>
  <select id="getHealthValueStringSeason" parameterType="Map" resultType="java.lang.String">
    SELECT healthvalue_season from comhealth where name LIKE CONCAT('%',#{name},'%' )
  </select>

  <select id="getHealthValue" parameterType="Map" resultType="java.lang.Double">
    SELECT health_value from comhealth where name = #{name}
  </select>
  <select id="getComList" resultType="java.lang.String">
    SELECT DISTINCT name from comhealth
  </select>
  <select id="selectByExample" resultMap="BaseResultMap" parameterType="com.scorpion.pojo.ComHealthValueExample" >
    <!--
      WARNING - @mbggenerated
      This element is automatically generated by MyBatis Generator, do not modify.
    -->
    select
    <if test="distinct" >
      distinct
    </if>
    <include refid="Base_Column_List" />
    from comhealth
    <if test="_parameter != null" >
      <include refid="Example_Where_Clause" />
    </if>
    <if test="orderByClause != null" >
      order by ${orderByClause}
    </if>
  </select>
  <select id="selectByPrimaryKey" resultMap="ResultMapWithBLOBs" parameterType="java.lang.Integer" >
    <!--
      WARNING - @mbggenerated
      This element is automatically generated by MyBatis Generator, do not modify.
    -->
    select 
    <include refid="Base_Column_List" />
    ,
    <include refid="Blob_Column_List" />
    from comhealth
    where id = #{id,jdbcType=INTEGER}
  </select>
  <delete id="deleteByPrimaryKey" parameterType="java.lang.Integer" >
    <!--
      WARNING - @mbggenerated
      This element is automatically generated by MyBatis Generator, do not modify.
    -->
    delete from comhealth
    where id = #{id,jdbcType=INTEGER}
  </delete>
  <delete id="deleteByExample" parameterType="com.scorpion.pojo.ComHealthValueExample" >
    <!--
      WARNING - @mbggenerated
      This element is automatically generated by MyBatis Generator, do not modify.
    -->
    delete from comhealth
    <if test="_parameter != null" >
      <include refid="Example_Where_Clause" />
    </if>
  </delete>
  <insert id="insert" parameterType="com.scorpion.pojo.ComHealthValue" >
    <!--
      WARNING - @mbggenerated
      This element is automatically generated by MyBatis Generator, do not modify.
    -->
    insert into comhealth (id, healthvalue_month, healthvalue_season, 
      posnum_month, posnum_season, negnum_month, 
      negnum_season, name)
    values (#{id,jdbcType=INTEGER}, #{healthvalueMonth,jdbcType=VARCHAR}, #{healthvalueSeason,jdbcType=VARCHAR}, 
      #{posnumMonth,jdbcType=VARCHAR}, #{posnumSeason,jdbcType=VARCHAR}, #{negnumMonth,jdbcType=VARCHAR}, 
      #{negnumSeason,jdbcType=VARCHAR}, #{name,jdbcType=LONGVARCHAR})
  </insert>
  <insert id="insertSelective" parameterType="com.scorpion.pojo.ComHealthValue" >
    <!--
      WARNING - @mbggenerated
      This element is automatically generated by MyBatis Generator, do not modify.
    -->
    insert into comhealth
    <trim prefix="(" suffix=")" suffixOverrides="," >
      <if test="id != null" >
        id,
      </if>
      <if test="healthvalueMonth != null" >
        healthvalue_month,
      </if>
      <if test="healthvalueSeason != null" >
        healthvalue_season,
      </if>
      <if test="posnumMonth != null" >
        posnum_month,
      </if>
      <if test="posnumSeason != null" >
        posnum_season,
      </if>
      <if test="negnumMonth != null" >
        negnum_month,
      </if>
      <if test="negnumSeason != null" >
        negnum_season,
      </if>
      <if test="name != null" >
        name,
      </if>
    </trim>
    <trim prefix="values (" suffix=")" suffixOverrides="," >
      <if test="id != null" >
        #{id,jdbcType=INTEGER},
      </if>
      <if test="healthvalueMonth != null" >
        #{healthvalueMonth,jdbcType=VARCHAR},
      </if>
      <if test="healthvalueSeason != null" >
        #{healthvalueSeason,jdbcType=VARCHAR},
      </if>
      <if test="posnumMonth != null" >
        #{posnumMonth,jdbcType=VARCHAR},
      </if>
      <if test="posnumSeason != null" >
        #{posnumSeason,jdbcType=VARCHAR},
      </if>
      <if test="negnumMonth != null" >
        #{negnumMonth,jdbcType=VARCHAR},
      </if>
      <if test="negnumSeason != null" >
        #{negnumSeason,jdbcType=VARCHAR},
      </if>
      <if test="name != null" >
        #{name,jdbcType=LONGVARCHAR},
      </if>
    </trim>
  </insert>
  <select id="countByExample" parameterType="com.scorpion.pojo.ComHealthValueExample" resultType="java.lang.Integer" >
    <!--
      WARNING - @mbggenerated
      This element is automatically generated by MyBatis Generator, do not modify.
    -->
    select count(*) from comhealth
    <if test="_parameter != null" >
      <include refid="Example_Where_Clause" />
    </if>
  </select>
  <update id="updateByExampleSelective" parameterType="map" >
    <!--
      WARNING - @mbggenerated
      This element is automatically generated by MyBatis Generator, do not modify.
    -->
    update comhealth
    <set >
      <if test="record.id != null" >
        id = #{record.id,jdbcType=INTEGER},
      </if>
      <if test="record.healthvalueMonth != null" >
        healthvalue_month = #{record.healthvalueMonth,jdbcType=VARCHAR},
      </if>
      <if test="record.healthvalueSeason != null" >
        healthvalue_season = #{record.healthvalueSeason,jdbcType=VARCHAR},
      </if>
      <if test="record.posnumMonth != null" >
        posnum_month = #{record.posnumMonth,jdbcType=VARCHAR},
      </if>
      <if test="record.posnumSeason != null" >
        posnum_season = #{record.posnumSeason,jdbcType=VARCHAR},
      </if>
      <if test="record.negnumMonth != null" >
        negnum_month = #{record.negnumMonth,jdbcType=VARCHAR},
      </if>
      <if test="record.negnumSeason != null" >
        negnum_season = #{record.negnumSeason,jdbcType=VARCHAR},
      </if>
      <if test="record.name != null" >
        name = #{record.name,jdbcType=LONGVARCHAR},
      </if>
    </set>
    <if test="_parameter != null" >
      <include refid="Update_By_Example_Where_Clause" />
    </if>
  </update>
  <update id="updateByExampleWithBLOBs" parameterType="map" >
    <!--
      WARNING - @mbggenerated
      This element is automatically generated by MyBatis Generator, do not modify.
    -->
    update comhealth
    set id = #{record.id,jdbcType=INTEGER},
      healthvalue_month = #{record.healthvalueMonth,jdbcType=VARCHAR},
      healthvalue_season = #{record.healthvalueSeason,jdbcType=VARCHAR},
      posnum_month = #{record.posnumMonth,jdbcType=VARCHAR},
      posnum_season = #{record.posnumSeason,jdbcType=VARCHAR},
      negnum_month = #{record.negnumMonth,jdbcType=VARCHAR},
      negnum_season = #{record.negnumSeason,jdbcType=VARCHAR},
      name = #{record.name,jdbcType=LONGVARCHAR}
    <if test="_parameter != null" >
      <include refid="Update_By_Example_Where_Clause" />
    </if>
  </update>
  <update id="updateByExample" parameterType="map" >
    <!--
      WARNING - @mbggenerated
      This element is automatically generated by MyBatis Generator, do not modify.
    -->
    update comhealth
    set id = #{record.id,jdbcType=INTEGER},
      healthvalue_month = #{record.healthvalueMonth,jdbcType=VARCHAR},
      healthvalue_season = #{record.healthvalueSeason,jdbcType=VARCHAR},
      posnum_month = #{record.posnumMonth,jdbcType=VARCHAR},
      posnum_season = #{record.posnumSeason,jdbcType=VARCHAR},
      negnum_month = #{record.negnumMonth,jdbcType=VARCHAR},
      negnum_season = #{record.negnumSeason,jdbcType=VARCHAR}
    <if test="_parameter != null" >
      <include refid="Update_By_Example_Where_Clause" />
    </if>
  </update>
  <update id="updateByPrimaryKeySelective" parameterType="com.scorpion.pojo.ComHealthValue" >
    <!--
      WARNING - @mbggenerated
      This element is automatically generated by MyBatis Generator, do not modify.
    -->
    update comhealth
    <set >
      <if test="healthvalueMonth != null" >
        healthvalue_month = #{healthvalueMonth,jdbcType=VARCHAR},
      </if>
      <if test="healthvalueSeason != null" >
        healthvalue_season = #{healthvalueSeason,jdbcType=VARCHAR},
      </if>
      <if test="posnumMonth != null" >
        posnum_month = #{posnumMonth,jdbcType=VARCHAR},
      </if>
      <if test="posnumSeason != null" >
        posnum_season = #{posnumSeason,jdbcType=VARCHAR},
      </if>
      <if test="negnumMonth != null" >
        negnum_month = #{negnumMonth,jdbcType=VARCHAR},
      </if>
      <if test="negnumSeason != null" >
        negnum_season = #{negnumSeason,jdbcType=VARCHAR},
      </if>
      <if test="name != null" >
        name = #{name,jdbcType=LONGVARCHAR},
      </if>
    </set>
    where id = #{id,jdbcType=INTEGER}
  </update>
  <update id="updateByPrimaryKeyWithBLOBs" parameterType="com.scorpion.pojo.ComHealthValue" >
    <!--
      WARNING - @mbggenerated
      This element is automatically generated by MyBatis Generator, do not modify.
    -->
    update comhealth
    set healthvalue_month = #{healthvalueMonth,jdbcType=VARCHAR},
      healthvalue_season = #{healthvalueSeason,jdbcType=VARCHAR},
      posnum_month = #{posnumMonth,jdbcType=VARCHAR},
      posnum_season = #{posnumSeason,jdbcType=VARCHAR},
      negnum_month = #{negnumMonth,jdbcType=VARCHAR},
      negnum_season = #{negnumSeason,jdbcType=VARCHAR},
      name = #{name,jdbcType=LONGVARCHAR}
    where id = #{id,jdbcType=INTEGER}
  </update>
  <update id="updateByPrimaryKey" parameterType="com.scorpion.pojo.ComHealthValue" >
    <!--
      WARNING - @mbggenerated
      This element is automatically generated by MyBatis Generator, do not modify.
    -->
    update comhealth
    set healthvalue_month = #{healthvalueMonth,jdbcType=VARCHAR},
      healthvalue_season = #{healthvalueSeason,jdbcType=VARCHAR},
      posnum_month = #{posnumMonth,jdbcType=VARCHAR},
      posnum_season = #{posnumSeason,jdbcType=VARCHAR},
      negnum_month = #{negnumMonth,jdbcType=VARCHAR},
      negnum_season = #{negnumSeason,jdbcType=VARCHAR}
    where id = #{id,jdbcType=INTEGER}
  </update>
</mapper>