<?xml version="1.0" encoding="UTF-8" ?>
<!DOCTYPE mapper PUBLIC "-//mybatis.org//DTD Mapper 3.0//EN" "http://mybatis.org/dtd/mybatis-3-mapper.dtd" >
<mapper namespace="com.scorpion.dao.companyinformationMapper" >
  <resultMap id="BaseResultMap" type="com.scorpion.pojo.companyinformation" >
    <!--
      WARNING - @mbggenerated
      This element is automatically generated by MyBatis Generator, do not modify.
    -->
    <id column="id" property="id" jdbcType="INTEGER" />
    <result column="name" property="name" jdbcType="VARCHAR" />
    <result column="lastmonthsum" property="lastmonthsum" jdbcType="INTEGER" />
    <result column="lastmonthneg" property="lastmonthneg" jdbcType="INTEGER" />
    <result column="curmonthsum" property="curmonthsum" jdbcType="INTEGER" />
    <result column="curmonthneg" property="curmonthneg" jdbcType="INTEGER" />
    <result column="curhealth" property="curhealth" jdbcType="REAL" />
    <result column="curreputation" property="curreputation" jdbcType="REAL" />
  </resultMap>
  <resultMap id="ResultMapWithBLOBs" type="com.scorpion.pojo.companyinformation" extends="BaseResultMap" >
    <!--
      WARNING - @mbggenerated
      This element is automatically generated by MyBatis Generator, do not modify.
    -->
    <result column="hotword" property="hotword" jdbcType="LONGVARCHAR" />
  </resultMap>
  <sql id="Example_Where_Clause" >
    <!--
      WARNING - @mbggenerated
      This element is automatically generated by MyBatis Generator, do not modify.
    -->
    <where >
      <foreach collection="oredCriteria" item="criteria" separator="or" >
        <if test="criteria.valid" >
          <trim prefix="(" suffix=")" prefixOverrides="and" >
            <foreach collection="criteria.criteria" item="criterion" >
              <choose >
                <when test="criterion.noValue" >
                  and ${criterion.condition}
                </when>
                <when test="criterion.singleValue" >
                  and ${criterion.condition} #{criterion.value}
                </when>
                <when test="criterion.betweenValue" >
                  and ${criterion.condition} #{criterion.value} and #{criterion.secondValue}
                </when>
                <when test="criterion.listValue" >
                  and ${criterion.condition}
                  <foreach collection="criterion.value" item="listItem" open="(" close=")" separator="," >
                    #{listItem}
                  </foreach>
                </when>
              </choose>
            </foreach>
          </trim>
        </if>
      </foreach>
    </where>
  </sql>
  <sql id="Update_By_Example_Where_Clause" >
    <!--
      WARNING - @mbggenerated
      This element is automatically generated by MyBatis Generator, do not modify.
    -->
    <where >
      <foreach collection="example.oredCriteria" item="criteria" separator="or" >
        <if test="criteria.valid" >
          <trim prefix="(" suffix=")" prefixOverrides="and" >
            <foreach collection="criteria.criteria" item="criterion" >
              <choose >
                <when test="criterion.noValue" >
                  and ${criterion.condition}
                </when>
                <when test="criterion.singleValue" >
                  and ${criterion.condition} #{criterion.value}
                </when>
                <when test="criterion.betweenValue" >
                  and ${criterion.condition} #{criterion.value} and #{criterion.secondValue}
                </when>
                <when test="criterion.listValue" >
                  and ${criterion.condition}
                  <foreach collection="criterion.value" item="listItem" open="(" close=")" separator="," >
                    #{listItem}
                  </foreach>
                </when>
              </choose>
            </foreach>
          </trim>
        </if>
      </foreach>
    </where>
  </sql>
  <sql id="Base_Column_List" >
    <!--
      WARNING - @mbggenerated
      This element is automatically generated by MyBatis Generator, do not modify.
    -->
    id, name, lastmonthsum, lastmonthneg, curmonthsum, curmonthneg, curhealth, curreputation
  </sql>
  <sql id="Blob_Column_List" >
    <!--
      WARNING - @mbggenerated
      This element is automatically generated by MyBatis Generator, do not modify.
    -->
    hotword
  </sql>
  <select id="queryComInfo" resultMap="ResultMapWithBLOBs">
    select * from companyinformation order by curmonthneg desc
  </select>
  <select id="selectByExampleWithBLOBs" resultMap="ResultMapWithBLOBs" parameterType="com.scorpion.pojo.companyinformationExample" >
    <!--
      WARNING - @mbggenerated
      This element is automatically generated by MyBatis Generator, do not modify.
    -->
    select
    <if test="distinct" >
      distinct
    </if>
    <include refid="Base_Column_List" />
    ,
    <include refid="Blob_Column_List" />
    from companyinformation
    <if test="_parameter != null" >
      <include refid="Example_Where_Clause" />
    </if>
    <if test="orderByClause != null" >
      order by ${orderByClause}
    </if>
  </select>
  <select id="selectByExample" resultMap="BaseResultMap" parameterType="com.scorpion.pojo.companyinformationExample" >
    <!--
      WARNING - @mbggenerated
      This element is automatically generated by MyBatis Generator, do not modify.
    -->
    select
    <if test="distinct" >
      distinct
    </if>
    <include refid="Base_Column_List" />
    from companyinformation
    <if test="_parameter != null" >
      <include refid="Example_Where_Clause" />
    </if>
    <if test="orderByClause != null" >
      order by ${orderByClause}
    </if>
  </select>
  <select id="selectByPrimaryKey" resultMap="ResultMapWithBLOBs" parameterType="java.lang.Integer" >
    <!--
      WARNING - @mbggenerated
      This element is automatically generated by MyBatis Generator, do not modify.
    -->
    select 
    <include refid="Base_Column_List" />
    ,
    <include refid="Blob_Column_List" />
    from companyinformation
    where id = #{id,jdbcType=INTEGER}
  </select>
  <delete id="deleteByPrimaryKey" parameterType="java.lang.Integer" >
    <!--
      WARNING - @mbggenerated
      This element is automatically generated by MyBatis Generator, do not modify.
    -->
    delete from companyinformation
    where id = #{id,jdbcType=INTEGER}
  </delete>
  <delete id="deleteByExample" parameterType="com.scorpion.pojo.companyinformationExample" >
    <!--
      WARNING - @mbggenerated
      This element is automatically generated by MyBatis Generator, do not modify.
    -->
    delete from companyinformation
    <if test="_parameter != null" >
      <include refid="Example_Where_Clause" />
    </if>
  </delete>
  <insert id="insert" parameterType="com.scorpion.pojo.companyinformation" >
    <!--
      WARNING - @mbggenerated
      This element is automatically generated by MyBatis Generator, do not modify.
    -->
    insert into companyinformation (id, name, lastmonthsum, 
      lastmonthneg, curmonthsum, curmonthneg, 
      curhealth, curreputation, hotword
      )
    values (#{id,jdbcType=INTEGER}, #{name,jdbcType=VARCHAR}, #{lastmonthsum,jdbcType=INTEGER}, 
      #{lastmonthneg,jdbcType=INTEGER}, #{curmonthsum,jdbcType=INTEGER}, #{curmonthneg,jdbcType=INTEGER}, 
      #{curhealth,jdbcType=REAL}, #{curreputation,jdbcType=REAL}, #{hotword,jdbcType=LONGVARCHAR}
      )
  </insert>
  <insert id="insertSelective" parameterType="com.scorpion.pojo.companyinformation" >
    <!--
      WARNING - @mbggenerated
      This element is automatically generated by MyBatis Generator, do not modify.
    -->
    insert into companyinformation
    <trim prefix="(" suffix=")" suffixOverrides="," >
      <if test="id != null" >
        id,
      </if>
      <if test="name != null" >
        name,
      </if>
      <if test="lastmonthsum != null" >
        lastmonthsum,
      </if>
      <if test="lastmonthneg != null" >
        lastmonthneg,
      </if>
      <if test="curmonthsum != null" >
        curmonthsum,
      </if>
      <if test="curmonthneg != null" >
        curmonthneg,
      </if>
      <if test="curhealth != null" >
        curhealth,
      </if>
      <if test="curreputation != null" >
        curreputation,
      </if>
      <if test="hotword != null" >
        hotword,
      </if>
    </trim>
    <trim prefix="values (" suffix=")" suffixOverrides="," >
      <if test="id != null" >
        #{id,jdbcType=INTEGER},
      </if>
      <if test="name != null" >
        #{name,jdbcType=VARCHAR},
      </if>
      <if test="lastmonthsum != null" >
        #{lastmonthsum,jdbcType=INTEGER},
      </if>
      <if test="lastmonthneg != null" >
        #{lastmonthneg,jdbcType=INTEGER},
      </if>
      <if test="curmonthsum != null" >
        #{curmonthsum,jdbcType=INTEGER},
      </if>
      <if test="curmonthneg != null" >
        #{curmonthneg,jdbcType=INTEGER},
      </if>
      <if test="curhealth != null" >
        #{curhealth,jdbcType=REAL},
      </if>
      <if test="curreputation != null" >
        #{curreputation,jdbcType=REAL},
      </if>
      <if test="hotword != null" >
        #{hotword,jdbcType=LONGVARCHAR},
      </if>
    </trim>
  </insert>
  <select id="countByExample" parameterType="com.scorpion.pojo.companyinformationExample" resultType="java.lang.Integer" >
    <!--
      WARNING - @mbggenerated
      This element is automatically generated by MyBatis Generator, do not modify.
    -->
    select count(*) from companyinformation
    <if test="_parameter != null" >
      <include refid="Example_Where_Clause" />
    </if>
  </select>
  <update id="updateByExampleSelective" parameterType="map" >
    <!--
      WARNING - @mbggenerated
      This element is automatically generated by MyBatis Generator, do not modify.
    -->
    update companyinformation
    <set >
      <if test="record.id != null" >
        id = #{record.id,jdbcType=INTEGER},
      </if>
      <if test="record.name != null" >
        name = #{record.name,jdbcType=VARCHAR},
      </if>
      <if test="record.lastmonthsum != null" >
        lastmonthsum = #{record.lastmonthsum,jdbcType=INTEGER},
      </if>
      <if test="record.lastmonthneg != null" >
        lastmonthneg = #{record.lastmonthneg,jdbcType=INTEGER},
      </if>
      <if test="record.curmonthsum != null" >
        curmonthsum = #{record.curmonthsum,jdbcType=INTEGER},
      </if>
      <if test="record.curmonthneg != null" >
        curmonthneg = #{record.curmonthneg,jdbcType=INTEGER},
      </if>
      <if test="record.curhealth != null" >
        curhealth = #{record.curhealth,jdbcType=REAL},
      </if>
      <if test="record.curreputation != null" >
        curreputation = #{record.curreputation,jdbcType=REAL},
      </if>
      <if test="record.hotword != null" >
        hotword = #{record.hotword,jdbcType=LONGVARCHAR},
      </if>
    </set>
    <if test="_parameter != null" >
      <include refid="Update_By_Example_Where_Clause" />
    </if>
  </update>
  <update id="updateByExampleWithBLOBs" parameterType="map" >
    <!--
      WARNING - @mbggenerated
      This element is automatically generated by MyBatis Generator, do not modify.
    -->
    update companyinformation
    set id = #{record.id,jdbcType=INTEGER},
      name = #{record.name,jdbcType=VARCHAR},
      lastmonthsum = #{record.lastmonthsum,jdbcType=INTEGER},
      lastmonthneg = #{record.lastmonthneg,jdbcType=INTEGER},
      curmonthsum = #{record.curmonthsum,jdbcType=INTEGER},
      curmonthneg = #{record.curmonthneg,jdbcType=INTEGER},
      curhealth = #{record.curhealth,jdbcType=REAL},
      curreputation = #{record.curreputation,jdbcType=REAL},
      hotword = #{record.hotword,jdbcType=LONGVARCHAR}
    <if test="_parameter != null" >
      <include refid="Update_By_Example_Where_Clause" />
    </if>
  </update>
  <update id="updateByExample" parameterType="map" >
    <!--
      WARNING - @mbggenerated
      This element is automatically generated by MyBatis Generator, do not modify.
    -->
    update companyinformation
    set id = #{record.id,jdbcType=INTEGER},
      name = #{record.name,jdbcType=VARCHAR},
      lastmonthsum = #{record.lastmonthsum,jdbcType=INTEGER},
      lastmonthneg = #{record.lastmonthneg,jdbcType=INTEGER},
      curmonthsum = #{record.curmonthsum,jdbcType=INTEGER},
      curmonthneg = #{record.curmonthneg,jdbcType=INTEGER},
      curhealth = #{record.curhealth,jdbcType=REAL},
      curreputation = #{record.curreputation,jdbcType=REAL}
    <if test="_parameter != null" >
      <include refid="Update_By_Example_Where_Clause" />
    </if>
  </update>
  <update id="updateByPrimaryKeySelective" parameterType="com.scorpion.pojo.companyinformation" >
    <!--
      WARNING - @mbggenerated
      This element is automatically generated by MyBatis Generator, do not modify.
    -->
    update companyinformation
    <set >
      <if test="name != null" >
        name = #{name,jdbcType=VARCHAR},
      </if>
      <if test="lastmonthsum != null" >
        lastmonthsum = #{lastmonthsum,jdbcType=INTEGER},
      </if>
      <if test="lastmonthneg != null" >
        lastmonthneg = #{lastmonthneg,jdbcType=INTEGER},
      </if>
      <if test="curmonthsum != null" >
        curmonthsum = #{curmonthsum,jdbcType=INTEGER},
      </if>
      <if test="curmonthneg != null" >
        curmonthneg = #{curmonthneg,jdbcType=INTEGER},
      </if>
      <if test="curhealth != null" >
        curhealth = #{curhealth,jdbcType=REAL},
      </if>
      <if test="curreputation != null" >
        curreputation = #{curreputation,jdbcType=REAL},
      </if>
      <if test="hotword != null" >
        hotword = #{hotword,jdbcType=LONGVARCHAR},
      </if>
    </set>
    where id = #{id,jdbcType=INTEGER}
  </update>
  <update id="updateByPrimaryKeyWithBLOBs" parameterType="com.scorpion.pojo.companyinformation" >
    <!--
      WARNING - @mbggenerated
      This element is automatically generated by MyBatis Generator, do not modify.
    -->
    update companyinformation
    set name = #{name,jdbcType=VARCHAR},
      lastmonthsum = #{lastmonthsum,jdbcType=INTEGER},
      lastmonthneg = #{lastmonthneg,jdbcType=INTEGER},
      curmonthsum = #{curmonthsum,jdbcType=INTEGER},
      curmonthneg = #{curmonthneg,jdbcType=INTEGER},
      curhealth = #{curhealth,jdbcType=REAL},
      curreputation = #{curreputation,jdbcType=REAL},
      hotword = #{hotword,jdbcType=LONGVARCHAR}
    where id = #{id,jdbcType=INTEGER}
  </update>
  <update id="updateByPrimaryKey" parameterType="com.scorpion.pojo.companyinformation" >
    <!--
      WARNING - @mbggenerated
      This element is automatically generated by MyBatis Generator, do not modify.
    -->
    update companyinformation
    set name = #{name,jdbcType=VARCHAR},
      lastmonthsum = #{lastmonthsum,jdbcType=INTEGER},
      lastmonthneg = #{lastmonthneg,jdbcType=INTEGER},
      curmonthsum = #{curmonthsum,jdbcType=INTEGER},
      curmonthneg = #{curmonthneg,jdbcType=INTEGER},
      curhealth = #{curhealth,jdbcType=REAL},
      curreputation = #{curreputation,jdbcType=REAL}
    where id = #{id,jdbcType=INTEGER}
  </update>
</mapper>