<?xml version="1.0" encoding="UTF-8" ?>
<!DOCTYPE mapper PUBLIC "-//mybatis.org//DTD Mapper 3.0//EN" "http://mybatis.org/dtd/mybatis-3-mapper.dtd" >
<mapper namespace="com.scorpion.dao.copperMapper" >
  <resultMap id="BaseResultMap" type="com.scorpion.pojo.copper" >
    <!--
      WARNING - @mbggenerated
      This element is automatically generated by MyBatis Generator, do not modify.
    -->
    <id column="id" property="id" jdbcType="INTEGER" />
    <result column="opening" property="opening" jdbcType="REAL" />
    <result column="highPrice" property="highprice" jdbcType="REAL" />
    <result column="lowPrice" property="lowprice" jdbcType="REAL" />
    <result column="settlement" property="settlement" jdbcType="REAL" />
    <result column="ups_and_downs" property="upsAndDowns" jdbcType="REAL" />
    <result column="date" property="date" jdbcType="DATE" />
  </resultMap>
  <sql id="Example_Where_Clause" >
    <!--
      WARNING - @mbggenerated
      This element is automatically generated by MyBatis Generator, do not modify.
    -->
    <where >
      <foreach collection="oredCriteria" item="criteria" separator="or" >
        <if test="criteria.valid" >
          <trim prefix="(" suffix=")" prefixOverrides="and" >
            <foreach collection="criteria.criteria" item="criterion" >
              <choose >
                <when test="criterion.noValue" >
                  and ${criterion.condition}
                </when>
                <when test="criterion.singleValue" >
                  and ${criterion.condition} #{criterion.value}
                </when>
                <when test="criterion.betweenValue" >
                  and ${criterion.condition} #{criterion.value} and #{criterion.secondValue}
                </when>
                <when test="criterion.listValue" >
                  and ${criterion.condition}
                  <foreach collection="criterion.value" item="listItem" open="(" close=")" separator="," >
                    #{listItem}
                  </foreach>
                </when>
              </choose>
            </foreach>
          </trim>
        </if>
      </foreach>
    </where>
  </sql>
  <sql id="Update_By_Example_Where_Clause" >
    <!--
      WARNING - @mbggenerated
      This element is automatically generated by MyBatis Generator, do not modify.
    -->
    <where >
      <foreach collection="example.oredCriteria" item="criteria" separator="or" >
        <if test="criteria.valid" >
          <trim prefix="(" suffix=")" prefixOverrides="and" >
            <foreach collection="criteria.criteria" item="criterion" >
              <choose >
                <when test="criterion.noValue" >
                  and ${criterion.condition}
                </when>
                <when test="criterion.singleValue" >
                  and ${criterion.condition} #{criterion.value}
                </when>
                <when test="criterion.betweenValue" >
                  and ${criterion.condition} #{criterion.value} and #{criterion.secondValue}
                </when>
                <when test="criterion.listValue" >
                  and ${criterion.condition}
                  <foreach collection="criterion.value" item="listItem" open="(" close=")" separator="," >
                    #{listItem}
                  </foreach>
                </when>
              </choose>
            </foreach>
          </trim>
        </if>
      </foreach>
    </where>
  </sql>
  <sql id="Base_Column_List" >
    <!--
      WARNING - @mbggenerated
      This element is automatically generated by MyBatis Generator, do not modify.
    -->
    id, opening, highPrice, lowPrice, settlement, ups_and_downs, date
  </sql>
  <select id="selectByExample" resultMap="BaseResultMap" parameterType="com.scorpion.pojo.copperExample" >
    <!--
      WARNING - @mbggenerated
      This element is automatically generated by MyBatis Generator, do not modify.
    -->
    select
    <if test="distinct" >
      distinct
    </if>
    <include refid="Base_Column_List" />
    from copper
    <if test="_parameter != null" >
      <include refid="Example_Where_Clause" />
    </if>
    <if test="orderByClause != null" >
      order by ${orderByClause}
    </if>
  </select>
  <select id="selectByPrimaryKey" resultMap="BaseResultMap" parameterType="java.lang.Integer" >
    <!--
      WARNING - @mbggenerated
      This element is automatically generated by MyBatis Generator, do not modify.
    -->
    select 
    <include refid="Base_Column_List" />
    from copper
    where id = #{id,jdbcType=INTEGER}
  </select>
  <delete id="deleteByPrimaryKey" parameterType="java.lang.Integer" >
    <!--
      WARNING - @mbggenerated
      This element is automatically generated by MyBatis Generator, do not modify.
    -->
    delete from copper
    where id = #{id,jdbcType=INTEGER}
  </delete>
  <delete id="deleteByExample" parameterType="com.scorpion.pojo.copperExample" >
    <!--
      WARNING - @mbggenerated
      This element is automatically generated by MyBatis Generator, do not modify.
    -->
    delete from copper
    <if test="_parameter != null" >
      <include refid="Example_Where_Clause" />
    </if>
  </delete>
  <insert id="insert" parameterType="com.scorpion.pojo.copper" >
    <!--
      WARNING - @mbggenerated
      This element is automatically generated by MyBatis Generator, do not modify.
    -->
    insert into copper (id, opening, highPrice, 
      lowPrice, settlement, ups_and_downs, 
      date)
    values (#{id,jdbcType=INTEGER}, #{opening,jdbcType=REAL}, #{highprice,jdbcType=REAL}, 
      #{lowprice,jdbcType=REAL}, #{settlement,jdbcType=REAL}, #{upsAndDowns,jdbcType=REAL}, 
      #{date,jdbcType=DATE})
  </insert>
  <insert id="insertSelective" parameterType="com.scorpion.pojo.copper" >
    <!--
      WARNING - @mbggenerated
      This element is automatically generated by MyBatis Generator, do not modify.
    -->
    insert into copper
    <trim prefix="(" suffix=")" suffixOverrides="," >
      <if test="id != null" >
        id,
      </if>
      <if test="opening != null" >
        opening,
      </if>
      <if test="highprice != null" >
        highPrice,
      </if>
      <if test="lowprice != null" >
        lowPrice,
      </if>
      <if test="settlement != null" >
        settlement,
      </if>
      <if test="upsAndDowns != null" >
        ups_and_downs,
      </if>
      <if test="date != null" >
        date,
      </if>
    </trim>
    <trim prefix="values (" suffix=")" suffixOverrides="," >
      <if test="id != null" >
        #{id,jdbcType=INTEGER},
      </if>
      <if test="opening != null" >
        #{opening,jdbcType=REAL},
      </if>
      <if test="highprice != null" >
        #{highprice,jdbcType=REAL},
      </if>
      <if test="lowprice != null" >
        #{lowprice,jdbcType=REAL},
      </if>
      <if test="settlement != null" >
        #{settlement,jdbcType=REAL},
      </if>
      <if test="upsAndDowns != null" >
        #{upsAndDowns,jdbcType=REAL},
      </if>
      <if test="date != null" >
        #{date,jdbcType=DATE},
      </if>
    </trim>
  </insert>
  <select id="countByExample" parameterType="com.scorpion.pojo.copperExample" resultType="java.lang.Integer" >
    <!--
      WARNING - @mbggenerated
      This element is automatically generated by MyBatis Generator, do not modify.
    -->
    select count(*) from copper
    <if test="_parameter != null" >
      <include refid="Example_Where_Clause" />
    </if>
  </select>
  <update id="updateByExampleSelective" parameterType="map" >
    <!--
      WARNING - @mbggenerated
      This element is automatically generated by MyBatis Generator, do not modify.
    -->
    update copper
    <set >
      <if test="record.id != null" >
        id = #{record.id,jdbcType=INTEGER},
      </if>
      <if test="record.opening != null" >
        opening = #{record.opening,jdbcType=REAL},
      </if>
      <if test="record.highprice != null" >
        highPrice = #{record.highprice,jdbcType=REAL},
      </if>
      <if test="record.lowprice != null" >
        lowPrice = #{record.lowprice,jdbcType=REAL},
      </if>
      <if test="record.settlement != null" >
        settlement = #{record.settlement,jdbcType=REAL},
      </if>
      <if test="record.upsAndDowns != null" >
        ups_and_downs = #{record.upsAndDowns,jdbcType=REAL},
      </if>
      <if test="record.date != null" >
        date = #{record.date,jdbcType=DATE},
      </if>
    </set>
    <if test="_parameter != null" >
      <include refid="Update_By_Example_Where_Clause" />
    </if>
  </update>
  <update id="updateByExample" parameterType="map" >
    <!--
      WARNING - @mbggenerated
      This element is automatically generated by MyBatis Generator, do not modify.
    -->
    update copper
    set id = #{record.id,jdbcType=INTEGER},
      opening = #{record.opening,jdbcType=REAL},
      highPrice = #{record.highprice,jdbcType=REAL},
      lowPrice = #{record.lowprice,jdbcType=REAL},
      settlement = #{record.settlement,jdbcType=REAL},
      ups_and_downs = #{record.upsAndDowns,jdbcType=REAL},
      date = #{record.date,jdbcType=DATE}
    <if test="_parameter != null" >
      <include refid="Update_By_Example_Where_Clause" />
    </if>
  </update>
  <update id="updateByPrimaryKeySelective" parameterType="com.scorpion.pojo.copper" >
    <!--
      WARNING - @mbggenerated
      This element is automatically generated by MyBatis Generator, do not modify.
    -->
    update copper
    <set >
      <if test="opening != null" >
        opening = #{opening,jdbcType=REAL},
      </if>
      <if test="highprice != null" >
        highPrice = #{highprice,jdbcType=REAL},
      </if>
      <if test="lowprice != null" >
        lowPrice = #{lowprice,jdbcType=REAL},
      </if>
      <if test="settlement != null" >
        settlement = #{settlement,jdbcType=REAL},
      </if>
      <if test="upsAndDowns != null" >
        ups_and_downs = #{upsAndDowns,jdbcType=REAL},
      </if>
      <if test="date != null" >
        date = #{date,jdbcType=DATE},
      </if>
    </set>
    where id = #{id,jdbcType=INTEGER}
  </update>
  <update id="updateByPrimaryKey" parameterType="com.scorpion.pojo.copper" >
    <!--
      WARNING - @mbggenerated
      This element is automatically generated by MyBatis Generator, do not modify.
    -->
    update copper
    set opening = #{opening,jdbcType=REAL},
      highPrice = #{highprice,jdbcType=REAL},
      lowPrice = #{lowprice,jdbcType=REAL},
      settlement = #{settlement,jdbcType=REAL},
      ups_and_downs = #{upsAndDowns,jdbcType=REAL},
      date = #{date,jdbcType=DATE}
    where id = #{id,jdbcType=INTEGER}
  </update>
  <select id="selectAllCopper" resultMap="BaseResultMap">
    SELECT * from copper ORDER BY date
  </select>
</mapper>