<?xml version="1.0" encoding="UTF-8" ?>
<!DOCTYPE mapper PUBLIC "-//mybatis.org//DTD Mapper 3.0//EN" "http://mybatis.org/dtd/mybatis-3-mapper.dtd" >
<mapper namespace="com.scorpion.dao.CreditScoreMapper" >
  <resultMap id="BaseResultMap" type="com.scorpion.pojo.CreditScore" >
    <!--
      WARNING - @mbggenerated
      This element is automatically generated by MyBatis Generator, do not modify.
    -->
    <id column="id" property="id" jdbcType="INTEGER" />
    <result column="qymc" property="qymc" jdbcType="VARCHAR" />
    <result column="nbxh" property="nbxh" jdbcType="VARCHAR" />
    <result column="score" property="score" jdbcType="VARCHAR" />
    <result column="x1" property="x1" jdbcType="INTEGER" />
    <result column="x2" property="x2" jdbcType="INTEGER" />
    <result column="x3" property="x3" jdbcType="INTEGER" />
    <result column="x4" property="x4" jdbcType="INTEGER" />
    <result column="x5" property="x5" jdbcType="REAL" />
    <result column="x6" property="x6" jdbcType="INTEGER" />
    <result column="x7" property="x7" jdbcType="REAL" />
    <result column="x8" property="x8" jdbcType="REAL" />
    <result column="x9" property="x9" jdbcType="REAL" />
    <result column="x10" property="x10" jdbcType="REAL" />
    <result column="x11" property="x11" jdbcType="REAL" />
    <result column="x12" property="x12" jdbcType="REAL" />
    <result column="x13" property="x13" jdbcType="REAL" />
    <result column="x14" property="x14" jdbcType="REAL" />
    <result column="x15" property="x15" jdbcType="REAL" />
    <result column="x16" property="x16" jdbcType="REAL" />
    <result column="x17" property="x17" jdbcType="REAL" />
    <result column="x18" property="x18" jdbcType="INTEGER" />
    <result column="x19" property="x19" jdbcType="REAL" />
    <result column="x20" property="x20" jdbcType="INTEGER" />
    <result column="x21" property="x21" jdbcType="REAL" />
    <result column="x22" property="x22" jdbcType="REAL" />
    <result column="pred" property="pred" jdbcType="VARCHAR" />
  </resultMap>
  <sql id="Example_Where_Clause" >
    <!--
      WARNING - @mbggenerated
      This element is automatically generated by MyBatis Generator, do not modify.
    -->
    <where >
      <foreach collection="oredCriteria" item="criteria" separator="or" >
        <if test="criteria.valid" >
          <trim prefix="(" suffix=")" prefixOverrides="and" >
            <foreach collection="criteria.criteria" item="criterion" >
              <choose >
                <when test="criterion.noValue" >
                  and ${criterion.condition}
                </when>
                <when test="criterion.singleValue" >
                  and ${criterion.condition} #{criterion.value}
                </when>
                <when test="criterion.betweenValue" >
                  and ${criterion.condition} #{criterion.value} and #{criterion.secondValue}
                </when>
                <when test="criterion.listValue" >
                  and ${criterion.condition}
                  <foreach collection="criterion.value" item="listItem" open="(" close=")" separator="," >
                    #{listItem}
                  </foreach>
                </when>
              </choose>
            </foreach>
          </trim>
        </if>
      </foreach>
    </where>
  </sql>
  <sql id="Update_By_Example_Where_Clause" >
    <!--
      WARNING - @mbggenerated
      This element is automatically generated by MyBatis Generator, do not modify.
    -->
    <where >
      <foreach collection="example.oredCriteria" item="criteria" separator="or" >
        <if test="criteria.valid" >
          <trim prefix="(" suffix=")" prefixOverrides="and" >
            <foreach collection="criteria.criteria" item="criterion" >
              <choose >
                <when test="criterion.noValue" >
                  and ${criterion.condition}
                </when>
                <when test="criterion.singleValue" >
                  and ${criterion.condition} #{criterion.value}
                </when>
                <when test="criterion.betweenValue" >
                  and ${criterion.condition} #{criterion.value} and #{criterion.secondValue}
                </when>
                <when test="criterion.listValue" >
                  and ${criterion.condition}
                  <foreach collection="criterion.value" item="listItem" open="(" close=")" separator="," >
                    #{listItem}
                  </foreach>
                </when>
              </choose>
            </foreach>
          </trim>
        </if>
      </foreach>
    </where>
  </sql>
  <sql id="Base_Column_List" >
    <!--
      WARNING - @mbggenerated
      This element is automatically generated by MyBatis Generator, do not modify.
    -->
    id, qymc, nbxh, score, x1, x2, x3, x4, x5, x6, x7, x8, x9, x10, x11, x12, x13, x14, 
    x15, x16, x17, x18, x19, x20, x21, x22, pred
  </sql>
  <select id="getCreditScore" resultMap="BaseResultMap">
    SELECT * from credit_score
  </select>
  <select id="selectByExample" resultMap="BaseResultMap" parameterType="com.scorpion.pojo.CreditScoreExample" >
    <!--
      WARNING - @mbggenerated
      This element is automatically generated by MyBatis Generator, do not modify.
    -->
    select
    <if test="distinct" >
      distinct
    </if>
    <include refid="Base_Column_List" />
    from credit_score
    <if test="_parameter != null" >
      <include refid="Example_Where_Clause" />
    </if>
    <if test="orderByClause != null" >
      order by ${orderByClause}
    </if>
  </select>
  <select id="selectByPrimaryKey" resultMap="BaseResultMap" parameterType="java.lang.Integer" >
    <!--
      WARNING - @mbggenerated
      This element is automatically generated by MyBatis Generator, do not modify.
    -->
    select 
    <include refid="Base_Column_List" />
    from credit_score
    where id = #{id,jdbcType=INTEGER}
  </select>
  <delete id="deleteByPrimaryKey" parameterType="java.lang.Integer" >
    <!--
      WARNING - @mbggenerated
      This element is automatically generated by MyBatis Generator, do not modify.
    -->
    delete from credit_score
    where id = #{id,jdbcType=INTEGER}
  </delete>
  <delete id="deleteByExample" parameterType="com.scorpion.pojo.CreditScoreExample" >
    <!--
      WARNING - @mbggenerated
      This element is automatically generated by MyBatis Generator, do not modify.
    -->
    delete from credit_score
    <if test="_parameter != null" >
      <include refid="Example_Where_Clause" />
    </if>
  </delete>
  <insert id="insert" parameterType="com.scorpion.pojo.CreditScore" >
    <!--
      WARNING - @mbggenerated
      This element is automatically generated by MyBatis Generator, do not modify.
    -->
    insert into credit_score (id, qymc, nbxh, 
      score, x1, x2, x3, 
      x4, x5, x6, x7, 
      x8, x9, x10, x11, 
      x12, x13, x14, x15, 
      x16, x17, x18, x19, 
      x20, x21, x22, pred
      )
    values (#{id,jdbcType=INTEGER}, #{qymc,jdbcType=VARCHAR}, #{nbxh,jdbcType=VARCHAR}, 
      #{score,jdbcType=VARCHAR}, #{x1,jdbcType=INTEGER}, #{x2,jdbcType=INTEGER}, #{x3,jdbcType=INTEGER}, 
      #{x4,jdbcType=INTEGER}, #{x5,jdbcType=REAL}, #{x6,jdbcType=INTEGER}, #{x7,jdbcType=REAL}, 
      #{x8,jdbcType=REAL}, #{x9,jdbcType=REAL}, #{x10,jdbcType=REAL}, #{x11,jdbcType=REAL}, 
      #{x12,jdbcType=REAL}, #{x13,jdbcType=REAL}, #{x14,jdbcType=REAL}, #{x15,jdbcType=REAL}, 
      #{x16,jdbcType=REAL}, #{x17,jdbcType=REAL}, #{x18,jdbcType=INTEGER}, #{x19,jdbcType=REAL}, 
      #{x20,jdbcType=INTEGER}, #{x21,jdbcType=REAL}, #{x22,jdbcType=REAL}, #{pred,jdbcType=VARCHAR}
      )
  </insert>
  <insert id="insertSelective" parameterType="com.scorpion.pojo.CreditScore" >
    <!--
      WARNING - @mbggenerated
      This element is automatically generated by MyBatis Generator, do not modify.
    -->
    insert into credit_score
    <trim prefix="(" suffix=")" suffixOverrides="," >
      <if test="id != null" >
        id,
      </if>
      <if test="qymc != null" >
        qymc,
      </if>
      <if test="nbxh != null" >
        nbxh,
      </if>
      <if test="score != null" >
        score,
      </if>
      <if test="x1 != null" >
        x1,
      </if>
      <if test="x2 != null" >
        x2,
      </if>
      <if test="x3 != null" >
        x3,
      </if>
      <if test="x4 != null" >
        x4,
      </if>
      <if test="x5 != null" >
        x5,
      </if>
      <if test="x6 != null" >
        x6,
      </if>
      <if test="x7 != null" >
        x7,
      </if>
      <if test="x8 != null" >
        x8,
      </if>
      <if test="x9 != null" >
        x9,
      </if>
      <if test="x10 != null" >
        x10,
      </if>
      <if test="x11 != null" >
        x11,
      </if>
      <if test="x12 != null" >
        x12,
      </if>
      <if test="x13 != null" >
        x13,
      </if>
      <if test="x14 != null" >
        x14,
      </if>
      <if test="x15 != null" >
        x15,
      </if>
      <if test="x16 != null" >
        x16,
      </if>
      <if test="x17 != null" >
        x17,
      </if>
      <if test="x18 != null" >
        x18,
      </if>
      <if test="x19 != null" >
        x19,
      </if>
      <if test="x20 != null" >
        x20,
      </if>
      <if test="x21 != null" >
        x21,
      </if>
      <if test="x22 != null" >
        x22,
      </if>
      <if test="pred != null" >
        pred,
      </if>
    </trim>
    <trim prefix="values (" suffix=")" suffixOverrides="," >
      <if test="id != null" >
        #{id,jdbcType=INTEGER},
      </if>
      <if test="qymc != null" >
        #{qymc,jdbcType=VARCHAR},
      </if>
      <if test="nbxh != null" >
        #{nbxh,jdbcType=VARCHAR},
      </if>
      <if test="score != null" >
        #{score,jdbcType=VARCHAR},
      </if>
      <if test="x1 != null" >
        #{x1,jdbcType=INTEGER},
      </if>
      <if test="x2 != null" >
        #{x2,jdbcType=INTEGER},
      </if>
      <if test="x3 != null" >
        #{x3,jdbcType=INTEGER},
      </if>
      <if test="x4 != null" >
        #{x4,jdbcType=INTEGER},
      </if>
      <if test="x5 != null" >
        #{x5,jdbcType=REAL},
      </if>
      <if test="x6 != null" >
        #{x6,jdbcType=INTEGER},
      </if>
      <if test="x7 != null" >
        #{x7,jdbcType=REAL},
      </if>
      <if test="x8 != null" >
        #{x8,jdbcType=REAL},
      </if>
      <if test="x9 != null" >
        #{x9,jdbcType=REAL},
      </if>
      <if test="x10 != null" >
        #{x10,jdbcType=REAL},
      </if>
      <if test="x11 != null" >
        #{x11,jdbcType=REAL},
      </if>
      <if test="x12 != null" >
        #{x12,jdbcType=REAL},
      </if>
      <if test="x13 != null" >
        #{x13,jdbcType=REAL},
      </if>
      <if test="x14 != null" >
        #{x14,jdbcType=REAL},
      </if>
      <if test="x15 != null" >
        #{x15,jdbcType=REAL},
      </if>
      <if test="x16 != null" >
        #{x16,jdbcType=REAL},
      </if>
      <if test="x17 != null" >
        #{x17,jdbcType=REAL},
      </if>
      <if test="x18 != null" >
        #{x18,jdbcType=INTEGER},
      </if>
      <if test="x19 != null" >
        #{x19,jdbcType=REAL},
      </if>
      <if test="x20 != null" >
        #{x20,jdbcType=INTEGER},
      </if>
      <if test="x21 != null" >
        #{x21,jdbcType=REAL},
      </if>
      <if test="x22 != null" >
        #{x22,jdbcType=REAL},
      </if>
      <if test="pred != null" >
        #{pred,jdbcType=VARCHAR},
      </if>
    </trim>
  </insert>
  <select id="countByExample" parameterType="com.scorpion.pojo.CreditScoreExample" resultType="java.lang.Integer" >
    <!--
      WARNING - @mbggenerated
      This element is automatically generated by MyBatis Generator, do not modify.
    -->
    select count(*) from credit_score
    <if test="_parameter != null" >
      <include refid="Example_Where_Clause" />
    </if>
  </select>
  <update id="updateByExampleSelective" parameterType="map" >
    <!--
      WARNING - @mbggenerated
      This element is automatically generated by MyBatis Generator, do not modify.
    -->
    update credit_score
    <set >
      <if test="record.id != null" >
        id = #{record.id,jdbcType=INTEGER},
      </if>
      <if test="record.qymc != null" >
        qymc = #{record.qymc,jdbcType=VARCHAR},
      </if>
      <if test="record.nbxh != null" >
        nbxh = #{record.nbxh,jdbcType=VARCHAR},
      </if>
      <if test="record.score != null" >
        score = #{record.score,jdbcType=VARCHAR},
      </if>
      <if test="record.x1 != null" >
        x1 = #{record.x1,jdbcType=INTEGER},
      </if>
      <if test="record.x2 != null" >
        x2 = #{record.x2,jdbcType=INTEGER},
      </if>
      <if test="record.x3 != null" >
        x3 = #{record.x3,jdbcType=INTEGER},
      </if>
      <if test="record.x4 != null" >
        x4 = #{record.x4,jdbcType=INTEGER},
      </if>
      <if test="record.x5 != null" >
        x5 = #{record.x5,jdbcType=REAL},
      </if>
      <if test="record.x6 != null" >
        x6 = #{record.x6,jdbcType=INTEGER},
      </if>
      <if test="record.x7 != null" >
        x7 = #{record.x7,jdbcType=REAL},
      </if>
      <if test="record.x8 != null" >
        x8 = #{record.x8,jdbcType=REAL},
      </if>
      <if test="record.x9 != null" >
        x9 = #{record.x9,jdbcType=REAL},
      </if>
      <if test="record.x10 != null" >
        x10 = #{record.x10,jdbcType=REAL},
      </if>
      <if test="record.x11 != null" >
        x11 = #{record.x11,jdbcType=REAL},
      </if>
      <if test="record.x12 != null" >
        x12 = #{record.x12,jdbcType=REAL},
      </if>
      <if test="record.x13 != null" >
        x13 = #{record.x13,jdbcType=REAL},
      </if>
      <if test="record.x14 != null" >
        x14 = #{record.x14,jdbcType=REAL},
      </if>
      <if test="record.x15 != null" >
        x15 = #{record.x15,jdbcType=REAL},
      </if>
      <if test="record.x16 != null" >
        x16 = #{record.x16,jdbcType=REAL},
      </if>
      <if test="record.x17 != null" >
        x17 = #{record.x17,jdbcType=REAL},
      </if>
      <if test="record.x18 != null" >
        x18 = #{record.x18,jdbcType=INTEGER},
      </if>
      <if test="record.x19 != null" >
        x19 = #{record.x19,jdbcType=REAL},
      </if>
      <if test="record.x20 != null" >
        x20 = #{record.x20,jdbcType=INTEGER},
      </if>
      <if test="record.x21 != null" >
        x21 = #{record.x21,jdbcType=REAL},
      </if>
      <if test="record.x22 != null" >
        x22 = #{record.x22,jdbcType=REAL},
      </if>
      <if test="record.pred != null" >
        pred = #{record.pred,jdbcType=VARCHAR},
      </if>
    </set>
    <if test="_parameter != null" >
      <include refid="Update_By_Example_Where_Clause" />
    </if>
  </update>
  <update id="updateByExample" parameterType="map" >
    <!--
      WARNING - @mbggenerated
      This element is automatically generated by MyBatis Generator, do not modify.
    -->
    update credit_score
    set id = #{record.id,jdbcType=INTEGER},
      qymc = #{record.qymc,jdbcType=VARCHAR},
      nbxh = #{record.nbxh,jdbcType=VARCHAR},
      score = #{record.score,jdbcType=VARCHAR},
      x1 = #{record.x1,jdbcType=INTEGER},
      x2 = #{record.x2,jdbcType=INTEGER},
      x3 = #{record.x3,jdbcType=INTEGER},
      x4 = #{record.x4,jdbcType=INTEGER},
      x5 = #{record.x5,jdbcType=REAL},
      x6 = #{record.x6,jdbcType=INTEGER},
      x7 = #{record.x7,jdbcType=REAL},
      x8 = #{record.x8,jdbcType=REAL},
      x9 = #{record.x9,jdbcType=REAL},
      x10 = #{record.x10,jdbcType=REAL},
      x11 = #{record.x11,jdbcType=REAL},
      x12 = #{record.x12,jdbcType=REAL},
      x13 = #{record.x13,jdbcType=REAL},
      x14 = #{record.x14,jdbcType=REAL},
      x15 = #{record.x15,jdbcType=REAL},
      x16 = #{record.x16,jdbcType=REAL},
      x17 = #{record.x17,jdbcType=REAL},
      x18 = #{record.x18,jdbcType=INTEGER},
      x19 = #{record.x19,jdbcType=REAL},
      x20 = #{record.x20,jdbcType=INTEGER},
      x21 = #{record.x21,jdbcType=REAL},
      x22 = #{record.x22,jdbcType=REAL},
      pred = #{record.pred,jdbcType=VARCHAR}
    <if test="_parameter != null" >
      <include refid="Update_By_Example_Where_Clause" />
    </if>
  </update>
  <update id="updateByPrimaryKeySelective" parameterType="com.scorpion.pojo.CreditScore" >
    <!--
      WARNING - @mbggenerated
      This element is automatically generated by MyBatis Generator, do not modify.
    -->
    update credit_score
    <set >
      <if test="qymc != null" >
        qymc = #{qymc,jdbcType=VARCHAR},
      </if>
      <if test="nbxh != null" >
        nbxh = #{nbxh,jdbcType=VARCHAR},
      </if>
      <if test="score != null" >
        score = #{score,jdbcType=VARCHAR},
      </if>
      <if test="x1 != null" >
        x1 = #{x1,jdbcType=INTEGER},
      </if>
      <if test="x2 != null" >
        x2 = #{x2,jdbcType=INTEGER},
      </if>
      <if test="x3 != null" >
        x3 = #{x3,jdbcType=INTEGER},
      </if>
      <if test="x4 != null" >
        x4 = #{x4,jdbcType=INTEGER},
      </if>
      <if test="x5 != null" >
        x5 = #{x5,jdbcType=REAL},
      </if>
      <if test="x6 != null" >
        x6 = #{x6,jdbcType=INTEGER},
      </if>
      <if test="x7 != null" >
        x7 = #{x7,jdbcType=REAL},
      </if>
      <if test="x8 != null" >
        x8 = #{x8,jdbcType=REAL},
      </if>
      <if test="x9 != null" >
        x9 = #{x9,jdbcType=REAL},
      </if>
      <if test="x10 != null" >
        x10 = #{x10,jdbcType=REAL},
      </if>
      <if test="x11 != null" >
        x11 = #{x11,jdbcType=REAL},
      </if>
      <if test="x12 != null" >
        x12 = #{x12,jdbcType=REAL},
      </if>
      <if test="x13 != null" >
        x13 = #{x13,jdbcType=REAL},
      </if>
      <if test="x14 != null" >
        x14 = #{x14,jdbcType=REAL},
      </if>
      <if test="x15 != null" >
        x15 = #{x15,jdbcType=REAL},
      </if>
      <if test="x16 != null" >
        x16 = #{x16,jdbcType=REAL},
      </if>
      <if test="x17 != null" >
        x17 = #{x17,jdbcType=REAL},
      </if>
      <if test="x18 != null" >
        x18 = #{x18,jdbcType=INTEGER},
      </if>
      <if test="x19 != null" >
        x19 = #{x19,jdbcType=REAL},
      </if>
      <if test="x20 != null" >
        x20 = #{x20,jdbcType=INTEGER},
      </if>
      <if test="x21 != null" >
        x21 = #{x21,jdbcType=REAL},
      </if>
      <if test="x22 != null" >
        x22 = #{x22,jdbcType=REAL},
      </if>
      <if test="pred != null" >
        pred = #{pred,jdbcType=VARCHAR},
      </if>
    </set>
    where id = #{id,jdbcType=INTEGER}
  </update>
  <update id="updateByPrimaryKey" parameterType="com.scorpion.pojo.CreditScore" >
    <!--
      WARNING - @mbggenerated
      This element is automatically generated by MyBatis Generator, do not modify.
    -->
    update credit_score
    set qymc = #{qymc,jdbcType=VARCHAR},
      nbxh = #{nbxh,jdbcType=VARCHAR},
      score = #{score,jdbcType=VARCHAR},
      x1 = #{x1,jdbcType=INTEGER},
      x2 = #{x2,jdbcType=INTEGER},
      x3 = #{x3,jdbcType=INTEGER},
      x4 = #{x4,jdbcType=INTEGER},
      x5 = #{x5,jdbcType=REAL},
      x6 = #{x6,jdbcType=INTEGER},
      x7 = #{x7,jdbcType=REAL},
      x8 = #{x8,jdbcType=REAL},
      x9 = #{x9,jdbcType=REAL},
      x10 = #{x10,jdbcType=REAL},
      x11 = #{x11,jdbcType=REAL},
      x12 = #{x12,jdbcType=REAL},
      x13 = #{x13,jdbcType=REAL},
      x14 = #{x14,jdbcType=REAL},
      x15 = #{x15,jdbcType=REAL},
      x16 = #{x16,jdbcType=REAL},
      x17 = #{x17,jdbcType=REAL},
      x18 = #{x18,jdbcType=INTEGER},
      x19 = #{x19,jdbcType=REAL},
      x20 = #{x20,jdbcType=INTEGER},
      x21 = #{x21,jdbcType=REAL},
      x22 = #{x22,jdbcType=REAL},
      pred = #{pred,jdbcType=VARCHAR}
    where id = #{id,jdbcType=INTEGER}
  </update>
</mapper>