<?xml version="1.0" encoding="UTF-8" ?>
<!DOCTYPE mapper PUBLIC "-//mybatis.org//DTD Mapper 3.0//EN" "http://mybatis.org/dtd/mybatis-3-mapper.dtd" >
<mapper namespace="com.scorpion.dao.crude_btlMapper" >
  <resultMap id="BaseResultMap" type="com.scorpion.pojo.crude_btl" >
    <!--
      WARNING - @mbggenerated
      This element is automatically generated by MyBatis Generator, do not modify.
    -->
    <id column="id" property="id" jdbcType="INTEGER" />
    <id column="date" property="date" jdbcType="VARCHAR" />
    <result column="name" property="name" jdbcType="VARCHAR" />
    <result column="price" property="price" jdbcType="VARCHAR" />
    <result column="ups_and_downs" property="upsAndDowns" jdbcType="VARCHAR" />
    <result column="ups_and_downs_l" property="upsAndDownsL" jdbcType="VARCHAR" />
  </resultMap>
  <sql id="Example_Where_Clause" >
    <!--
      WARNING - @mbggenerated
      This element is automatically generated by MyBatis Generator, do not modify.
    -->
    <where >
      <foreach collection="oredCriteria" item="criteria" separator="or" >
        <if test="criteria.valid" >
          <trim prefix="(" suffix=")" prefixOverrides="and" >
            <foreach collection="criteria.criteria" item="criterion" >
              <choose >
                <when test="criterion.noValue" >
                  and ${criterion.condition}
                </when>
                <when test="criterion.singleValue" >
                  and ${criterion.condition} #{criterion.value}
                </when>
                <when test="criterion.betweenValue" >
                  and ${criterion.condition} #{criterion.value} and #{criterion.secondValue}
                </when>
                <when test="criterion.listValue" >
                  and ${criterion.condition}
                  <foreach collection="criterion.value" item="listItem" open="(" close=")" separator="," >
                    #{listItem}
                  </foreach>
                </when>
              </choose>
            </foreach>
          </trim>
        </if>
      </foreach>
    </where>
  </sql>
  <sql id="Update_By_Example_Where_Clause" >
    <!--
      WARNING - @mbggenerated
      This element is automatically generated by MyBatis Generator, do not modify.
    -->
    <where >
      <foreach collection="example.oredCriteria" item="criteria" separator="or" >
        <if test="criteria.valid" >
          <trim prefix="(" suffix=")" prefixOverrides="and" >
            <foreach collection="criteria.criteria" item="criterion" >
              <choose >
                <when test="criterion.noValue" >
                  and ${criterion.condition}
                </when>
                <when test="criterion.singleValue" >
                  and ${criterion.condition} #{criterion.value}
                </when>
                <when test="criterion.betweenValue" >
                  and ${criterion.condition} #{criterion.value} and #{criterion.secondValue}
                </when>
                <when test="criterion.listValue" >
                  and ${criterion.condition}
                  <foreach collection="criterion.value" item="listItem" open="(" close=")" separator="," >
                    #{listItem}
                  </foreach>
                </when>
              </choose>
            </foreach>
          </trim>
        </if>
      </foreach>
    </where>
  </sql>
  <sql id="Base_Column_List" >
    <!--
      WARNING - @mbggenerated
      This element is automatically generated by MyBatis Generator, do not modify.
    -->
    id, date, name, price, ups_and_downs, ups_and_downs_l
  </sql>
  <select id="selectByExample" resultMap="BaseResultMap" parameterType="com.scorpion.pojo.crude_btlExample" >
    <!--
      WARNING - @mbggenerated
      This element is automatically generated by MyBatis Generator, do not modify.
    -->
    select
    <if test="distinct" >
      distinct
    </if>
    <include refid="Base_Column_List" />
    from crude_btl
    <if test="_parameter != null" >
      <include refid="Example_Where_Clause" />
    </if>
    <if test="orderByClause != null" >
      order by ${orderByClause}
    </if>
  </select>
  <select id="selectByPrimaryKey" resultMap="BaseResultMap" parameterType="com.scorpion.pojo.crude_btlKey" >
    <!--
      WARNING - @mbggenerated
      This element is automatically generated by MyBatis Generator, do not modify.
    -->
    select 
    <include refid="Base_Column_List" />
    from crude_btl
    where id = #{id,jdbcType=INTEGER}
      and date = #{date,jdbcType=VARCHAR}
  </select>
  <delete id="deleteByPrimaryKey" parameterType="com.scorpion.pojo.crude_btlKey" >
    <!--
      WARNING - @mbggenerated
      This element is automatically generated by MyBatis Generator, do not modify.
    -->
    delete from crude_btl
    where id = #{id,jdbcType=INTEGER}
      and date = #{date,jdbcType=VARCHAR}
  </delete>
  <delete id="deleteByExample" parameterType="com.scorpion.pojo.crude_btlExample" >
    <!--
      WARNING - @mbggenerated
      This element is automatically generated by MyBatis Generator, do not modify.
    -->
    delete from crude_btl
    <if test="_parameter != null" >
      <include refid="Example_Where_Clause" />
    </if>
  </delete>
  <insert id="insert" parameterType="com.scorpion.pojo.crude_btl" >
    <!--
      WARNING - @mbggenerated
      This element is automatically generated by MyBatis Generator, do not modify.
    -->
    insert into crude_btl (id, date, name, 
      price, ups_and_downs, ups_and_downs_l
      )
    values (#{id,jdbcType=INTEGER}, #{date,jdbcType=VARCHAR}, #{name,jdbcType=VARCHAR}, 
      #{price,jdbcType=VARCHAR}, #{upsAndDowns,jdbcType=VARCHAR}, #{upsAndDownsL,jdbcType=VARCHAR}
      )
  </insert>
  <insert id="insertSelective" parameterType="com.scorpion.pojo.crude_btl" >
    <!--
      WARNING - @mbggenerated
      This element is automatically generated by MyBatis Generator, do not modify.
    -->
    insert into crude_btl
    <trim prefix="(" suffix=")" suffixOverrides="," >
      <if test="id != null" >
        id,
      </if>
      <if test="date != null" >
        date,
      </if>
      <if test="name != null" >
        name,
      </if>
      <if test="price != null" >
        price,
      </if>
      <if test="upsAndDowns != null" >
        ups_and_downs,
      </if>
      <if test="upsAndDownsL != null" >
        ups_and_downs_l,
      </if>
    </trim>
    <trim prefix="values (" suffix=")" suffixOverrides="," >
      <if test="id != null" >
        #{id,jdbcType=INTEGER},
      </if>
      <if test="date != null" >
        #{date,jdbcType=VARCHAR},
      </if>
      <if test="name != null" >
        #{name,jdbcType=VARCHAR},
      </if>
      <if test="price != null" >
        #{price,jdbcType=VARCHAR},
      </if>
      <if test="upsAndDowns != null" >
        #{upsAndDowns,jdbcType=VARCHAR},
      </if>
      <if test="upsAndDownsL != null" >
        #{upsAndDownsL,jdbcType=VARCHAR},
      </if>
    </trim>
  </insert>
  <select id="countByExample" parameterType="com.scorpion.pojo.crude_btlExample" resultType="java.lang.Integer" >
    <!--
      WARNING - @mbggenerated
      This element is automatically generated by MyBatis Generator, do not modify.
    -->
    select count(*) from crude_btl
    <if test="_parameter != null" >
      <include refid="Example_Where_Clause" />
    </if>
  </select>
  <update id="updateByExampleSelective" parameterType="map" >
    <!--
      WARNING - @mbggenerated
      This element is automatically generated by MyBatis Generator, do not modify.
    -->
    update crude_btl
    <set >
      <if test="record.id != null" >
        id = #{record.id,jdbcType=INTEGER},
      </if>
      <if test="record.date != null" >
        date = #{record.date,jdbcType=VARCHAR},
      </if>
      <if test="record.name != null" >
        name = #{record.name,jdbcType=VARCHAR},
      </if>
      <if test="record.price != null" >
        price = #{record.price,jdbcType=VARCHAR},
      </if>
      <if test="record.upsAndDowns != null" >
        ups_and_downs = #{record.upsAndDowns,jdbcType=VARCHAR},
      </if>
      <if test="record.upsAndDownsL != null" >
        ups_and_downs_l = #{record.upsAndDownsL,jdbcType=VARCHAR},
      </if>
    </set>
    <if test="_parameter != null" >
      <include refid="Update_By_Example_Where_Clause" />
    </if>
  </update>
  <update id="updateByExample" parameterType="map" >
    <!--
      WARNING - @mbggenerated
      This element is automatically generated by MyBatis Generator, do not modify.
    -->
    update crude_btl
    set id = #{record.id,jdbcType=INTEGER},
      date = #{record.date,jdbcType=VARCHAR},
      name = #{record.name,jdbcType=VARCHAR},
      price = #{record.price,jdbcType=VARCHAR},
      ups_and_downs = #{record.upsAndDowns,jdbcType=VARCHAR},
      ups_and_downs_l = #{record.upsAndDownsL,jdbcType=VARCHAR}
    <if test="_parameter != null" >
      <include refid="Update_By_Example_Where_Clause" />
    </if>
  </update>
  <update id="updateByPrimaryKeySelective" parameterType="com.scorpion.pojo.crude_btl" >
    <!--
      WARNING - @mbggenerated
      This element is automatically generated by MyBatis Generator, do not modify.
    -->
    update crude_btl
    <set >
      <if test="name != null" >
        name = #{name,jdbcType=VARCHAR},
      </if>
      <if test="price != null" >
        price = #{price,jdbcType=VARCHAR},
      </if>
      <if test="upsAndDowns != null" >
        ups_and_downs = #{upsAndDowns,jdbcType=VARCHAR},
      </if>
      <if test="upsAndDownsL != null" >
        ups_and_downs_l = #{upsAndDownsL,jdbcType=VARCHAR},
      </if>
    </set>
    where id = #{id,jdbcType=INTEGER}
      and date = #{date,jdbcType=VARCHAR}
  </update>
  <update id="updateByPrimaryKey" parameterType="com.scorpion.pojo.crude_btl" >
    <!--
      WARNING - @mbggenerated
      This element is automatically generated by MyBatis Generator, do not modify.
    -->
    update crude_btl
    set name = #{name,jdbcType=VARCHAR},
      price = #{price,jdbcType=VARCHAR},
      ups_and_downs = #{upsAndDowns,jdbcType=VARCHAR},
      ups_and_downs_l = #{upsAndDownsL,jdbcType=VARCHAR}
    where id = #{id,jdbcType=INTEGER}
      and date = #{date,jdbcType=VARCHAR}
  </update>
  <select id="selectAllCrude_btl" resultMap="BaseResultMap">
    SELECT * from crude_btl ORDER BY date
  </select>
</mapper>