<?xml version="1.0" encoding="UTF-8"?>
<!DOCTYPE mapper PUBLIC "-//mybatis.org//DTD Mapper 3.0//EN" "http://mybatis.org/dtd/mybatis-3-mapper.dtd">
<mapper namespace="com.scorpion.dao.dollar_exchange_rate_of_rmbMapper">
  <resultMap id="BaseResultMap" type="com.scorpion.pojo.dollar_exchange_rate_of_rmb">
    <!--
      WARNING - @mbggenerated
      This element is automatically generated by MyBatis Generator, do not modify.
    -->
    <result column="date" jdbcType="VARCHAR" property="date" />
    <result column="dollar" jdbcType="VARCHAR" property="dollar" />
    <result column="Euro" jdbcType="VARCHAR" property="euro" />
    <result column="yen" jdbcType="VARCHAR" property="yen" />
    <result column="HongKongDollar" jdbcType="VARCHAR" property="hongkongdollar" />
    <result column="pound" jdbcType="VARCHAR" property="pound" />
    <result column="myr" jdbcType="VARCHAR" property="myr" />
    <result column="Rouble" jdbcType="VARCHAR" property="rouble" />
    <result column="Rand" jdbcType="VARCHAR" property="rand" />
    <result column="SouthKoreanWon" jdbcType="VARCHAR" property="southkoreanwon" />
    <result column="dir" jdbcType="VARCHAR" property="dir" />
    <result column="Riyal" jdbcType="VARCHAR" property="riyal" />
    <result column="Flynn" jdbcType="VARCHAR" property="flynn" />
    <result column="ZL" jdbcType="VARCHAR" property="zl" />
    <result column="dkk" jdbcType="VARCHAR" property="dkk" />
    <result column="SwedishKrona" jdbcType="VARCHAR" property="swedishkrona" />
    <result column="NorwayKrone" jdbcType="VARCHAR" property="norwaykrone" />
    <result column="Lira" jdbcType="VARCHAR" property="lira" />
    <result column="peso" jdbcType="VARCHAR" property="peso" />
    <result column="TheAustraliandollar" jdbcType="VARCHAR" property="theaustraliandollar" />
    <result column="Cad" jdbcType="VARCHAR" property="cad" />
    <result column="NewZealand" jdbcType="VARCHAR" property="newzealand" />
    <result column="Singapored" jdbcType="VARCHAR" property="singapored" />
    <result column="SwissFranc" jdbcType="VARCHAR" property="swissfranc" />
  </resultMap>
  <sql id="Example_Where_Clause">
    <!--
      WARNING - @mbggenerated
      This element is automatically generated by MyBatis Generator, do not modify.
    -->
    <where>
      <foreach collection="oredCriteria" item="criteria" separator="or">
        <if test="criteria.valid">
          <trim prefix="(" prefixOverrides="and" suffix=")">
            <foreach collection="criteria.criteria" item="criterion">
              <choose>
                <when test="criterion.noValue">
                  and ${criterion.condition}
                </when>
                <when test="criterion.singleValue">
                  and ${criterion.condition} #{criterion.value}
                </when>
                <when test="criterion.betweenValue">
                  and ${criterion.condition} #{criterion.value} and #{criterion.secondValue}
                </when>
                <when test="criterion.listValue">
                  and ${criterion.condition}
                  <foreach close=")" collection="criterion.value" item="listItem" open="(" separator=",">
                    #{listItem}
                  </foreach>
                </when>
              </choose>
            </foreach>
          </trim>
        </if>
      </foreach>
    </where>
  </sql>
  <sql id="Update_By_Example_Where_Clause">
    <!--
      WARNING - @mbggenerated
      This element is automatically generated by MyBatis Generator, do not modify.
    -->
    <where>
      <foreach collection="example.oredCriteria" item="criteria" separator="or">
        <if test="criteria.valid">
          <trim prefix="(" prefixOverrides="and" suffix=")">
            <foreach collection="criteria.criteria" item="criterion">
              <choose>
                <when test="criterion.noValue">
                  and ${criterion.condition}
                </when>
                <when test="criterion.singleValue">
                  and ${criterion.condition} #{criterion.value}
                </when>
                <when test="criterion.betweenValue">
                  and ${criterion.condition} #{criterion.value} and #{criterion.secondValue}
                </when>
                <when test="criterion.listValue">
                  and ${criterion.condition}
                  <foreach close=")" collection="criterion.value" item="listItem" open="(" separator=",">
                    #{listItem}
                  </foreach>
                </when>
              </choose>
            </foreach>
          </trim>
        </if>
      </foreach>
    </where>
  </sql>
  <sql id="Base_Column_List">
    <!--
      WARNING - @mbggenerated
      This element is automatically generated by MyBatis Generator, do not modify.
    -->
    date, dollar, Euro, yen, HongKongDollar, pound, myr, Rouble, Rand, SouthKoreanWon, 
    dir, Riyal, Flynn, ZL, dkk, SwedishKrona, NorwayKrone, Lira, peso, TheAustraliandollar, 
    Cad, NewZealand, Singapored, SwissFranc
  </sql>
  <select id="selectByExample" parameterType="com.scorpion.pojo.dollar_exchange_rate_of_rmbExample" resultMap="BaseResultMap">
    <!--
      WARNING - @mbggenerated
      This element is automatically generated by MyBatis Generator, do not modify.
    -->
    select
    <if test="distinct">
      distinct
    </if>
    <include refid="Base_Column_List" />
    from dollar_exchange_rate_of_rmb
    <if test="_parameter != null">
      <include refid="Example_Where_Clause" />
    </if>
    <if test="orderByClause != null">
      order by ${orderByClause}
    </if>
  </select>
  <delete id="deleteByExample" parameterType="com.scorpion.pojo.dollar_exchange_rate_of_rmbExample">
    <!--
      WARNING - @mbggenerated
      This element is automatically generated by MyBatis Generator, do not modify.
    -->
    delete from dollar_exchange_rate_of_rmb
    <if test="_parameter != null">
      <include refid="Example_Where_Clause" />
    </if>
  </delete>
  <insert id="insert" parameterType="com.scorpion.pojo.dollar_exchange_rate_of_rmb">
    <!--
      WARNING - @mbggenerated
      This element is automatically generated by MyBatis Generator, do not modify.
    -->
    insert into dollar_exchange_rate_of_rmb (date, dollar, Euro, 
      yen, HongKongDollar, pound, 
      myr, Rouble, Rand, 
      SouthKoreanWon, dir, Riyal, 
      Flynn, ZL, dkk, SwedishKrona, 
      NorwayKrone, Lira, peso, 
      TheAustraliandollar, Cad, NewZealand, 
      Singapored, SwissFranc)
    values (#{date,jdbcType=VARCHAR}, #{dollar,jdbcType=VARCHAR}, #{euro,jdbcType=VARCHAR}, 
      #{yen,jdbcType=VARCHAR}, #{hongkongdollar,jdbcType=VARCHAR}, #{pound,jdbcType=VARCHAR}, 
      #{myr,jdbcType=VARCHAR}, #{rouble,jdbcType=VARCHAR}, #{rand,jdbcType=VARCHAR}, 
      #{southkoreanwon,jdbcType=VARCHAR}, #{dir,jdbcType=VARCHAR}, #{riyal,jdbcType=VARCHAR}, 
      #{flynn,jdbcType=VARCHAR}, #{zl,jdbcType=VARCHAR}, #{dkk,jdbcType=VARCHAR}, #{swedishkrona,jdbcType=VARCHAR}, 
      #{norwaykrone,jdbcType=VARCHAR}, #{lira,jdbcType=VARCHAR}, #{peso,jdbcType=VARCHAR}, 
      #{theaustraliandollar,jdbcType=VARCHAR}, #{cad,jdbcType=VARCHAR}, #{newzealand,jdbcType=VARCHAR}, 
      #{singapored,jdbcType=VARCHAR}, #{swissfranc,jdbcType=VARCHAR})
  </insert>
  <insert id="insertSelective" parameterType="com.scorpion.pojo.dollar_exchange_rate_of_rmb">
    <!--
      WARNING - @mbggenerated
      This element is automatically generated by MyBatis Generator, do not modify.
    -->
    insert into dollar_exchange_rate_of_rmb
    <trim prefix="(" suffix=")" suffixOverrides=",">
      <if test="date != null">
        date,
      </if>
      <if test="dollar != null">
        dollar,
      </if>
      <if test="euro != null">
        Euro,
      </if>
      <if test="yen != null">
        yen,
      </if>
      <if test="hongkongdollar != null">
        HongKongDollar,
      </if>
      <if test="pound != null">
        pound,
      </if>
      <if test="myr != null">
        myr,
      </if>
      <if test="rouble != null">
        Rouble,
      </if>
      <if test="rand != null">
        Rand,
      </if>
      <if test="southkoreanwon != null">
        SouthKoreanWon,
      </if>
      <if test="dir != null">
        dir,
      </if>
      <if test="riyal != null">
        Riyal,
      </if>
      <if test="flynn != null">
        Flynn,
      </if>
      <if test="zl != null">
        ZL,
      </if>
      <if test="dkk != null">
        dkk,
      </if>
      <if test="swedishkrona != null">
        SwedishKrona,
      </if>
      <if test="norwaykrone != null">
        NorwayKrone,
      </if>
      <if test="lira != null">
        Lira,
      </if>
      <if test="peso != null">
        peso,
      </if>
      <if test="theaustraliandollar != null">
        TheAustraliandollar,
      </if>
      <if test="cad != null">
        Cad,
      </if>
      <if test="newzealand != null">
        NewZealand,
      </if>
      <if test="singapored != null">
        Singapored,
      </if>
      <if test="swissfranc != null">
        SwissFranc,
      </if>
    </trim>
    <trim prefix="values (" suffix=")" suffixOverrides=",">
      <if test="date != null">
        #{date,jdbcType=VARCHAR},
      </if>
      <if test="dollar != null">
        #{dollar,jdbcType=VARCHAR},
      </if>
      <if test="euro != null">
        #{euro,jdbcType=VARCHAR},
      </if>
      <if test="yen != null">
        #{yen,jdbcType=VARCHAR},
      </if>
      <if test="hongkongdollar != null">
        #{hongkongdollar,jdbcType=VARCHAR},
      </if>
      <if test="pound != null">
        #{pound,jdbcType=VARCHAR},
      </if>
      <if test="myr != null">
        #{myr,jdbcType=VARCHAR},
      </if>
      <if test="rouble != null">
        #{rouble,jdbcType=VARCHAR},
      </if>
      <if test="rand != null">
        #{rand,jdbcType=VARCHAR},
      </if>
      <if test="southkoreanwon != null">
        #{southkoreanwon,jdbcType=VARCHAR},
      </if>
      <if test="dir != null">
        #{dir,jdbcType=VARCHAR},
      </if>
      <if test="riyal != null">
        #{riyal,jdbcType=VARCHAR},
      </if>
      <if test="flynn != null">
        #{flynn,jdbcType=VARCHAR},
      </if>
      <if test="zl != null">
        #{zl,jdbcType=VARCHAR},
      </if>
      <if test="dkk != null">
        #{dkk,jdbcType=VARCHAR},
      </if>
      <if test="swedishkrona != null">
        #{swedishkrona,jdbcType=VARCHAR},
      </if>
      <if test="norwaykrone != null">
        #{norwaykrone,jdbcType=VARCHAR},
      </if>
      <if test="lira != null">
        #{lira,jdbcType=VARCHAR},
      </if>
      <if test="peso != null">
        #{peso,jdbcType=VARCHAR},
      </if>
      <if test="theaustraliandollar != null">
        #{theaustraliandollar,jdbcType=VARCHAR},
      </if>
      <if test="cad != null">
        #{cad,jdbcType=VARCHAR},
      </if>
      <if test="newzealand != null">
        #{newzealand,jdbcType=VARCHAR},
      </if>
      <if test="singapored != null">
        #{singapored,jdbcType=VARCHAR},
      </if>
      <if test="swissfranc != null">
        #{swissfranc,jdbcType=VARCHAR},
      </if>
    </trim>
  </insert>
  <select id="countByExample" parameterType="com.scorpion.pojo.dollar_exchange_rate_of_rmbExample" resultType="java.lang.Integer">
    <!--
      WARNING - @mbggenerated
      This element is automatically generated by MyBatis Generator, do not modify.
    -->
    select count(*) from dollar_exchange_rate_of_rmb
    <if test="_parameter != null">
      <include refid="Example_Where_Clause" />
    </if>
  </select>
  <update id="updateByExampleSelective" parameterType="map">
    <!--
      WARNING - @mbggenerated
      This element is automatically generated by MyBatis Generator, do not modify.
    -->
    update dollar_exchange_rate_of_rmb
    <set>
      <if test="record.date != null">
        date = #{record.date,jdbcType=VARCHAR},
      </if>
      <if test="record.dollar != null">
        dollar = #{record.dollar,jdbcType=VARCHAR},
      </if>
      <if test="record.euro != null">
        Euro = #{record.euro,jdbcType=VARCHAR},
      </if>
      <if test="record.yen != null">
        yen = #{record.yen,jdbcType=VARCHAR},
      </if>
      <if test="record.hongkongdollar != null">
        HongKongDollar = #{record.hongkongdollar,jdbcType=VARCHAR},
      </if>
      <if test="record.pound != null">
        pound = #{record.pound,jdbcType=VARCHAR},
      </if>
      <if test="record.myr != null">
        myr = #{record.myr,jdbcType=VARCHAR},
      </if>
      <if test="record.rouble != null">
        Rouble = #{record.rouble,jdbcType=VARCHAR},
      </if>
      <if test="record.rand != null">
        Rand = #{record.rand,jdbcType=VARCHAR},
      </if>
      <if test="record.southkoreanwon != null">
        SouthKoreanWon = #{record.southkoreanwon,jdbcType=VARCHAR},
      </if>
      <if test="record.dir != null">
        dir = #{record.dir,jdbcType=VARCHAR},
      </if>
      <if test="record.riyal != null">
        Riyal = #{record.riyal,jdbcType=VARCHAR},
      </if>
      <if test="record.flynn != null">
        Flynn = #{record.flynn,jdbcType=VARCHAR},
      </if>
      <if test="record.zl != null">
        ZL = #{record.zl,jdbcType=VARCHAR},
      </if>
      <if test="record.dkk != null">
        dkk = #{record.dkk,jdbcType=VARCHAR},
      </if>
      <if test="record.swedishkrona != null">
        SwedishKrona = #{record.swedishkrona,jdbcType=VARCHAR},
      </if>
      <if test="record.norwaykrone != null">
        NorwayKrone = #{record.norwaykrone,jdbcType=VARCHAR},
      </if>
      <if test="record.lira != null">
        Lira = #{record.lira,jdbcType=VARCHAR},
      </if>
      <if test="record.peso != null">
        peso = #{record.peso,jdbcType=VARCHAR},
      </if>
      <if test="record.theaustraliandollar != null">
        TheAustraliandollar = #{record.theaustraliandollar,jdbcType=VARCHAR},
      </if>
      <if test="record.cad != null">
        Cad = #{record.cad,jdbcType=VARCHAR},
      </if>
      <if test="record.newzealand != null">
        NewZealand = #{record.newzealand,jdbcType=VARCHAR},
      </if>
      <if test="record.singapored != null">
        Singapored = #{record.singapored,jdbcType=VARCHAR},
      </if>
      <if test="record.swissfranc != null">
        SwissFranc = #{record.swissfranc,jdbcType=VARCHAR},
      </if>
    </set>
    <if test="_parameter != null">
      <include refid="Update_By_Example_Where_Clause" />
    </if>
  </update>
  <update id="updateByExample" parameterType="map">
    <!--
      WARNING - @mbggenerated
      This element is automatically generated by MyBatis Generator, do not modify.
    -->
    update dollar_exchange_rate_of_rmb
    set date = #{record.date,jdbcType=VARCHAR},
      dollar = #{record.dollar,jdbcType=VARCHAR},
      Euro = #{record.euro,jdbcType=VARCHAR},
      yen = #{record.yen,jdbcType=VARCHAR},
      HongKongDollar = #{record.hongkongdollar,jdbcType=VARCHAR},
      pound = #{record.pound,jdbcType=VARCHAR},
      myr = #{record.myr,jdbcType=VARCHAR},
      Rouble = #{record.rouble,jdbcType=VARCHAR},
      Rand = #{record.rand,jdbcType=VARCHAR},
      SouthKoreanWon = #{record.southkoreanwon,jdbcType=VARCHAR},
      dir = #{record.dir,jdbcType=VARCHAR},
      Riyal = #{record.riyal,jdbcType=VARCHAR},
      Flynn = #{record.flynn,jdbcType=VARCHAR},
      ZL = #{record.zl,jdbcType=VARCHAR},
      dkk = #{record.dkk,jdbcType=VARCHAR},
      SwedishKrona = #{record.swedishkrona,jdbcType=VARCHAR},
      NorwayKrone = #{record.norwaykrone,jdbcType=VARCHAR},
      Lira = #{record.lira,jdbcType=VARCHAR},
      peso = #{record.peso,jdbcType=VARCHAR},
      TheAustraliandollar = #{record.theaustraliandollar,jdbcType=VARCHAR},
      Cad = #{record.cad,jdbcType=VARCHAR},
      NewZealand = #{record.newzealand,jdbcType=VARCHAR},
      Singapored = #{record.singapored,jdbcType=VARCHAR},
      SwissFranc = #{record.swissfranc,jdbcType=VARCHAR}
    <if test="_parameter != null">
      <include refid="Update_By_Example_Where_Clause" />
    </if>
  </update>
   <select id="selectAllPdollar_exchange_rate_of_rmb" resultMap="BaseResultMap">
    SELECT * from dollar_exchange_rate_of_rmb ORDER BY date
  </select>
</mapper>