<?xml version="1.0" encoding="UTF-8" ?>
<!DOCTYPE mapper PUBLIC "-//mybatis.org//DTD Mapper 3.0//EN" "http://mybatis.org/dtd/mybatis-3-mapper.dtd" >
<mapper namespace="com.scorpion.dao.eventnewsMapper" >
  <resultMap id="BaseResultMap" type="com.scorpion.pojo.eventnews" >
    <!--
      WARNING - @mbggenerated
      This element is automatically generated by MyBatis Generator, do not modify.
    -->
    <id column="id" property="id" jdbcType="INTEGER" />
    <result column="date" property="date" jdbcType="DATE" />
    <result column="flag" property="flag" jdbcType="INTEGER" />
    <result column="topic" property="topic" jdbcType="VARCHAR" />
  </resultMap>
  <resultMap id="ResultMapWithBLOBs" type="com.scorpion.pojo.eventnewsWithBLOBs" extends="BaseResultMap" >
    <!--
      WARNING - @mbggenerated
      This element is automatically generated by MyBatis Generator, do not modify.
    -->
    <result column="relname" property="relname" jdbcType="LONGVARCHAR" />
    <result column="title" property="title" jdbcType="LONGVARCHAR" />
    <result column="url" property="url" jdbcType="LONGVARCHAR" />
    <result column="description" property="description" jdbcType="LONGVARCHAR" />
    <result column="html" property="html" jdbcType="LONGVARCHAR" />
    <result column="keywords" property="keywords" jdbcType="LONGVARCHAR" />
    <result column="wordSeg" property="wordseg" jdbcType="LONGVARCHAR" />
  </resultMap>

  <select id="getEventNews" parameterType="Map" resultMap ="ResultMapWithBLOBs">
    SELECT * FROM tb_event WHERE flag=#{flag} AND relname LIKE CONCAT('%',#{relComName},'%' ) ORDER BY date
  </select>

  <select id="getComlist" parameterType="Map" resultType="java.lang.String">
   SELECT DISTINCT relname from tb_event
  </select>

  <sql id="Example_Where_Clause" >
    <!--
      WARNING - @mbggenerated
      This element is automatically generated by MyBatis Generator, do not modify.
    -->
    <where >
      <foreach collection="oredCriteria" item="criteria" separator="or" >
        <if test="criteria.valid" >
          <trim prefix="(" suffix=")" prefixOverrides="and" >
            <foreach collection="criteria.criteria" item="criterion" >
              <choose >
                <when test="criterion.noValue" >
                  and ${criterion.condition}
                </when>
                <when test="criterion.singleValue" >
                  and ${criterion.condition} #{criterion.value}
                </when>
                <when test="criterion.betweenValue" >
                  and ${criterion.condition} #{criterion.value} and #{criterion.secondValue}
                </when>
                <when test="criterion.listValue" >
                  and ${criterion.condition}
                  <foreach collection="criterion.value" item="listItem" open="(" close=")" separator="," >
                    #{listItem}
                  </foreach>
                </when>
              </choose>
            </foreach>
          </trim>
        </if>
      </foreach>
    </where>
  </sql>
  <sql id="Update_By_Example_Where_Clause" >
    <!--
      WARNING - @mbggenerated
      This element is automatically generated by MyBatis Generator, do not modify.
    -->
    <where >
      <foreach collection="example.oredCriteria" item="criteria" separator="or" >
        <if test="criteria.valid" >
          <trim prefix="(" suffix=")" prefixOverrides="and" >
            <foreach collection="criteria.criteria" item="criterion" >
              <choose >
                <when test="criterion.noValue" >
                  and ${criterion.condition}
                </when>
                <when test="criterion.singleValue" >
                  and ${criterion.condition} #{criterion.value}
                </when>
                <when test="criterion.betweenValue" >
                  and ${criterion.condition} #{criterion.value} and #{criterion.secondValue}
                </when>
                <when test="criterion.listValue" >
                  and ${criterion.condition}
                  <foreach collection="criterion.value" item="listItem" open="(" close=")" separator="," >
                    #{listItem}
                  </foreach>
                </when>
              </choose>
            </foreach>
          </trim>
        </if>
      </foreach>
    </where>
  </sql>
  <sql id="Base_Column_List" >
    <!--
      WARNING - @mbggenerated
      This element is automatically generated by MyBatis Generator, do not modify.
    -->
    id, date, flag, topic
  </sql>
  <sql id="Blob_Column_List" >
    <!--
      WARNING - @mbggenerated
      This element is automatically generated by MyBatis Generator, do not modify.
    -->
    relname, title, url, description, html, keywords, wordSeg
  </sql>
  <select id="selectByExampleWithBLOBs" resultMap="ResultMapWithBLOBs" parameterType="com.scorpion.pojo.eventnewsExample" >
    <!--
      WARNING - @mbggenerated
      This element is automatically generated by MyBatis Generator, do not modify.
    -->
    select
    <if test="distinct" >
      distinct
    </if>
    <include refid="Base_Column_List" />
    ,
    <include refid="Blob_Column_List" />
    from tb_event
    <if test="_parameter != null" >
      <include refid="Example_Where_Clause" />
    </if>
    <if test="orderByClause != null" >
      order by ${orderByClause}
    </if>
  </select>
  <select id="selectByExample" resultMap="BaseResultMap" parameterType="com.scorpion.pojo.eventnewsExample" >
    <!--
      WARNING - @mbggenerated
      This element is automatically generated by MyBatis Generator, do not modify.
    -->
    select
    <if test="distinct" >
      distinct
    </if>
    <include refid="Base_Column_List" />
    from tb_event
    <if test="_parameter != null" >
      <include refid="Example_Where_Clause" />
    </if>
    <if test="orderByClause != null" >
      order by ${orderByClause}
    </if>
  </select>
  <select id="selectByPrimaryKey" resultMap="ResultMapWithBLOBs" parameterType="java.lang.Integer" >
    <!--
      WARNING - @mbggenerated
      This element is automatically generated by MyBatis Generator, do not modify.
    -->
    select 
    <include refid="Base_Column_List" />
    ,
    <include refid="Blob_Column_List" />
    from tb_event
    where id = #{id,jdbcType=INTEGER}
  </select>
  <delete id="deleteByPrimaryKey" parameterType="java.lang.Integer" >
    <!--
      WARNING - @mbggenerated
      This element is automatically generated by MyBatis Generator, do not modify.
    -->
    delete from tb_event
    where id = #{id,jdbcType=INTEGER}
  </delete>
  <delete id="deleteByExample" parameterType="com.scorpion.pojo.eventnewsExample" >
    <!--
      WARNING - @mbggenerated
      This element is automatically generated by MyBatis Generator, do not modify.
    -->
    delete from tb_event
    <if test="_parameter != null" >
      <include refid="Example_Where_Clause" />
    </if>
  </delete>
  <insert id="insert" parameterType="com.scorpion.pojo.eventnewsWithBLOBs" >
    <!--
      WARNING - @mbggenerated
      This element is automatically generated by MyBatis Generator, do not modify.
    -->
    insert into tb_event (id, date, flag, 
      topic, relname, title, 
      url, description, html, 
      keywords, wordSeg)
    values (#{id,jdbcType=INTEGER}, #{date,jdbcType=DATE}, #{flag,jdbcType=INTEGER}, 
      #{topic,jdbcType=VARCHAR}, #{relname,jdbcType=LONGVARCHAR}, #{title,jdbcType=LONGVARCHAR}, 
      #{url,jdbcType=LONGVARCHAR}, #{description,jdbcType=LONGVARCHAR}, #{html,jdbcType=LONGVARCHAR}, 
      #{keywords,jdbcType=LONGVARCHAR}, #{wordseg,jdbcType=LONGVARCHAR})
  </insert>
  <insert id="insertSelective" parameterType="com.scorpion.pojo.eventnewsWithBLOBs" >
    <!--
      WARNING - @mbggenerated
      This element is automatically generated by MyBatis Generator, do not modify.
    -->
    insert into tb_event
    <trim prefix="(" suffix=")" suffixOverrides="," >
      <if test="id != null" >
        id,
      </if>
      <if test="date != null" >
        date,
      </if>
      <if test="flag != null" >
        flag,
      </if>
      <if test="topic != null" >
        topic,
      </if>
      <if test="relname != null" >
        relname,
      </if>
      <if test="title != null" >
        title,
      </if>
      <if test="url != null" >
        url,
      </if>
      <if test="description != null" >
        description,
      </if>
      <if test="html != null" >
        html,
      </if>
      <if test="keywords != null" >
        keywords,
      </if>
      <if test="wordseg != null" >
        wordSeg,
      </if>
    </trim>
    <trim prefix="values (" suffix=")" suffixOverrides="," >
      <if test="id != null" >
        #{id,jdbcType=INTEGER},
      </if>
      <if test="date != null" >
        #{date,jdbcType=DATE},
      </if>
      <if test="flag != null" >
        #{flag,jdbcType=INTEGER},
      </if>
      <if test="topic != null" >
        #{topic,jdbcType=VARCHAR},
      </if>
      <if test="relname != null" >
        #{relname,jdbcType=LONGVARCHAR},
      </if>
      <if test="title != null" >
        #{title,jdbcType=LONGVARCHAR},
      </if>
      <if test="url != null" >
        #{url,jdbcType=LONGVARCHAR},
      </if>
      <if test="description != null" >
        #{description,jdbcType=LONGVARCHAR},
      </if>
      <if test="html != null" >
        #{html,jdbcType=LONGVARCHAR},
      </if>
      <if test="keywords != null" >
        #{keywords,jdbcType=LONGVARCHAR},
      </if>
      <if test="wordseg != null" >
        #{wordseg,jdbcType=LONGVARCHAR},
      </if>
    </trim>
  </insert>
  <select id="countByExample" parameterType="com.scorpion.pojo.eventnewsExample" resultType="java.lang.Integer" >
    <!--
      WARNING - @mbggenerated
      This element is automatically generated by MyBatis Generator, do not modify.
    -->
    select count(*) from tb_event
    <if test="_parameter != null" >
      <include refid="Example_Where_Clause" />
    </if>
  </select>
  <update id="updateByExampleSelective" parameterType="map" >
    <!--
      WARNING - @mbggenerated
      This element is automatically generated by MyBatis Generator, do not modify.
    -->
    update tb_event
    <set >
      <if test="record.id != null" >
        id = #{record.id,jdbcType=INTEGER},
      </if>
      <if test="record.date != null" >
        date = #{record.date,jdbcType=DATE},
      </if>
      <if test="record.flag != null" >
        flag = #{record.flag,jdbcType=INTEGER},
      </if>
      <if test="record.topic != null" >
        topic = #{record.topic,jdbcType=VARCHAR},
      </if>
      <if test="record.relname != null" >
        relname = #{record.relname,jdbcType=LONGVARCHAR},
      </if>
      <if test="record.title != null" >
        title = #{record.title,jdbcType=LONGVARCHAR},
      </if>
      <if test="record.url != null" >
        url = #{record.url,jdbcType=LONGVARCHAR},
      </if>
      <if test="record.description != null" >
        description = #{record.description,jdbcType=LONGVARCHAR},
      </if>
      <if test="record.html != null" >
        html = #{record.html,jdbcType=LONGVARCHAR},
      </if>
      <if test="record.keywords != null" >
        keywords = #{record.keywords,jdbcType=LONGVARCHAR},
      </if>
      <if test="record.wordseg != null" >
        wordSeg = #{record.wordseg,jdbcType=LONGVARCHAR},
      </if>
    </set>
    <if test="_parameter != null" >
      <include refid="Update_By_Example_Where_Clause" />
    </if>
  </update>
  <update id="updateByExampleWithBLOBs" parameterType="map" >
    <!--
      WARNING - @mbggenerated
      This element is automatically generated by MyBatis Generator, do not modify.
    -->
    update tb_event
    set id = #{record.id,jdbcType=INTEGER},
      date = #{record.date,jdbcType=DATE},
      flag = #{record.flag,jdbcType=INTEGER},
      topic = #{record.topic,jdbcType=VARCHAR},
      relname = #{record.relname,jdbcType=LONGVARCHAR},
      title = #{record.title,jdbcType=LONGVARCHAR},
      url = #{record.url,jdbcType=LONGVARCHAR},
      description = #{record.description,jdbcType=LONGVARCHAR},
      html = #{record.html,jdbcType=LONGVARCHAR},
      keywords = #{record.keywords,jdbcType=LONGVARCHAR},
      wordSeg = #{record.wordseg,jdbcType=LONGVARCHAR}
    <if test="_parameter != null" >
      <include refid="Update_By_Example_Where_Clause" />
    </if>
  </update>
  <update id="updateByExample" parameterType="map" >
    <!--
      WARNING - @mbggenerated
      This element is automatically generated by MyBatis Generator, do not modify.
    -->
    update tb_event
    set id = #{record.id,jdbcType=INTEGER},
      date = #{record.date,jdbcType=DATE},
      flag = #{record.flag,jdbcType=INTEGER},
      topic = #{record.topic,jdbcType=VARCHAR}
    <if test="_parameter != null" >
      <include refid="Update_By_Example_Where_Clause" />
    </if>
  </update>
  <update id="updateByPrimaryKeySelective" parameterType="com.scorpion.pojo.eventnewsWithBLOBs" >
    <!--
      WARNING - @mbggenerated
      This element is automatically generated by MyBatis Generator, do not modify.
    -->
    update tb_event
    <set >
      <if test="date != null" >
        date = #{date,jdbcType=DATE},
      </if>
      <if test="flag != null" >
        flag = #{flag,jdbcType=INTEGER},
      </if>
      <if test="topic != null" >
        topic = #{topic,jdbcType=VARCHAR},
      </if>
      <if test="relname != null" >
        relname = #{relname,jdbcType=LONGVARCHAR},
      </if>
      <if test="title != null" >
        title = #{title,jdbcType=LONGVARCHAR},
      </if>
      <if test="url != null" >
        url = #{url,jdbcType=LONGVARCHAR},
      </if>
      <if test="description != null" >
        description = #{description,jdbcType=LONGVARCHAR},
      </if>
      <if test="html != null" >
        html = #{html,jdbcType=LONGVARCHAR},
      </if>
      <if test="keywords != null" >
        keywords = #{keywords,jdbcType=LONGVARCHAR},
      </if>
      <if test="wordseg != null" >
        wordSeg = #{wordseg,jdbcType=LONGVARCHAR},
      </if>
    </set>
    where id = #{id,jdbcType=INTEGER}
  </update>
  <update id="updateByPrimaryKeyWithBLOBs" parameterType="com.scorpion.pojo.eventnewsWithBLOBs" >
    <!--
      WARNING - @mbggenerated
      This element is automatically generated by MyBatis Generator, do not modify.
    -->
    update tb_event
    set date = #{date,jdbcType=DATE},
      flag = #{flag,jdbcType=INTEGER},
      topic = #{topic,jdbcType=VARCHAR},
      relname = #{relname,jdbcType=LONGVARCHAR},
      title = #{title,jdbcType=LONGVARCHAR},
      url = #{url,jdbcType=LONGVARCHAR},
      description = #{description,jdbcType=LONGVARCHAR},
      html = #{html,jdbcType=LONGVARCHAR},
      keywords = #{keywords,jdbcType=LONGVARCHAR},
      wordSeg = #{wordseg,jdbcType=LONGVARCHAR}
    where id = #{id,jdbcType=INTEGER}
  </update>
  <update id="updateByPrimaryKey" parameterType="com.scorpion.pojo.eventnews" >
    <!--
      WARNING - @mbggenerated
      This element is automatically generated by MyBatis Generator, do not modify.
    -->
    update tb_event
    set date = #{date,jdbcType=DATE},
      flag = #{flag,jdbcType=INTEGER},
      topic = #{topic,jdbcType=VARCHAR}
    where id = #{id,jdbcType=INTEGER}
  </update>
</mapper>