<?xml version="1.0" encoding="UTF-8" ?>
<!DOCTYPE mapper PUBLIC "-//mybatis.org//DTD Mapper 3.0//EN" "http://mybatis.org/dtd/mybatis-3-mapper.dtd" >
<mapper namespace="com.scorpion.dao.imfMapper" >
  <resultMap id="BaseResultMap" type="com.scorpion.pojo.imf" >
    <!--
      WARNING - @mbggenerated
      This element is automatically generated by MyBatis Generator, do not modify.
    -->
    <id column="id" property="id" jdbcType="INTEGER" />
    <result column="year" property="year" jdbcType="VARCHAR" />
    <result column="China" property="china" jdbcType="REAL" />
    <result column="Advanced_economies" property="advancedEconomies" jdbcType="REAL" />
    <result column="Emerging_market_and_developing_economies" property="emergingMarketAndDevelopingEconomies" jdbcType="REAL" />
    <result column="World" property="world" jdbcType="REAL" />
  </resultMap>
  <sql id="Example_Where_Clause" >
    <!--
      WARNING - @mbggenerated
      This element is automatically generated by MyBatis Generator, do not modify.
    -->
    <where >
      <foreach collection="oredCriteria" item="criteria" separator="or" >
        <if test="criteria.valid" >
          <trim prefix="(" suffix=")" prefixOverrides="and" >
            <foreach collection="criteria.criteria" item="criterion" >
              <choose >
                <when test="criterion.noValue" >
                  and ${criterion.condition}
                </when>
                <when test="criterion.singleValue" >
                  and ${criterion.condition} #{criterion.value}
                </when>
                <when test="criterion.betweenValue" >
                  and ${criterion.condition} #{criterion.value} and #{criterion.secondValue}
                </when>
                <when test="criterion.listValue" >
                  and ${criterion.condition}
                  <foreach collection="criterion.value" item="listItem" open="(" close=")" separator="," >
                    #{listItem}
                  </foreach>
                </when>
              </choose>
            </foreach>
          </trim>
        </if>
      </foreach>
    </where>
  </sql>
  <sql id="Update_By_Example_Where_Clause" >
    <!--
      WARNING - @mbggenerated
      This element is automatically generated by MyBatis Generator, do not modify.
    -->
    <where >
      <foreach collection="example.oredCriteria" item="criteria" separator="or" >
        <if test="criteria.valid" >
          <trim prefix="(" suffix=")" prefixOverrides="and" >
            <foreach collection="criteria.criteria" item="criterion" >
              <choose >
                <when test="criterion.noValue" >
                  and ${criterion.condition}
                </when>
                <when test="criterion.singleValue" >
                  and ${criterion.condition} #{criterion.value}
                </when>
                <when test="criterion.betweenValue" >
                  and ${criterion.condition} #{criterion.value} and #{criterion.secondValue}
                </when>
                <when test="criterion.listValue" >
                  and ${criterion.condition}
                  <foreach collection="criterion.value" item="listItem" open="(" close=")" separator="," >
                    #{listItem}
                  </foreach>
                </when>
              </choose>
            </foreach>
          </trim>
        </if>
      </foreach>
    </where>
  </sql>
  <sql id="Base_Column_List" >
    <!--
      WARNING - @mbggenerated
      This element is automatically generated by MyBatis Generator, do not modify.
    -->
    id, year, China, Advanced_economies, Emerging_market_and_developing_economies, World
  </sql>
  <select id="selectByExample" resultMap="BaseResultMap" parameterType="com.scorpion.pojo.imfExample" >
    <!--
      WARNING - @mbggenerated
      This element is automatically generated by MyBatis Generator, do not modify.
    -->
    select
    <if test="distinct" >
      distinct
    </if>
    <include refid="Base_Column_List" />
    from imf
    <if test="_parameter != null" >
      <include refid="Example_Where_Clause" />
    </if>
    <if test="orderByClause != null" >
      order by ${orderByClause}
    </if>
  </select>
  <select id="selectByPrimaryKey" resultMap="BaseResultMap" parameterType="java.lang.Integer" >
    <!--
      WARNING - @mbggenerated
      This element is automatically generated by MyBatis Generator, do not modify.
    -->
    select 
    <include refid="Base_Column_List" />
    from imf
    where id = #{id,jdbcType=INTEGER}
  </select>
  <delete id="deleteByPrimaryKey" parameterType="java.lang.Integer" >
    <!--
      WARNING - @mbggenerated
      This element is automatically generated by MyBatis Generator, do not modify.
    -->
    delete from imf
    where id = #{id,jdbcType=INTEGER}
  </delete>
  <delete id="deleteByExample" parameterType="com.scorpion.pojo.imfExample" >
    <!--
      WARNING - @mbggenerated
      This element is automatically generated by MyBatis Generator, do not modify.
    -->
    delete from imf
    <if test="_parameter != null" >
      <include refid="Example_Where_Clause" />
    </if>
  </delete>
  <insert id="insert" parameterType="com.scorpion.pojo.imf" >
    <!--
      WARNING - @mbggenerated
      This element is automatically generated by MyBatis Generator, do not modify.
    -->
    insert into imf (id, year, China, 
      Advanced_economies, Emerging_market_and_developing_economies, 
      World)
    values (#{id,jdbcType=INTEGER}, #{year,jdbcType=VARCHAR}, #{china,jdbcType=REAL}, 
      #{advancedEconomies,jdbcType=REAL}, #{emergingMarketAndDevelopingEconomies,jdbcType=REAL}, 
      #{world,jdbcType=REAL})
  </insert>
  <insert id="insertSelective" parameterType="com.scorpion.pojo.imf" >
    <!--
      WARNING - @mbggenerated
      This element is automatically generated by MyBatis Generator, do not modify.
    -->
    insert into imf
    <trim prefix="(" suffix=")" suffixOverrides="," >
      <if test="id != null" >
        id,
      </if>
      <if test="year != null" >
        year,
      </if>
      <if test="china != null" >
        China,
      </if>
      <if test="advancedEconomies != null" >
        Advanced_economies,
      </if>
      <if test="emergingMarketAndDevelopingEconomies != null" >
        Emerging_market_and_developing_economies,
      </if>
      <if test="world != null" >
        World,
      </if>
    </trim>
    <trim prefix="values (" suffix=")" suffixOverrides="," >
      <if test="id != null" >
        #{id,jdbcType=INTEGER},
      </if>
      <if test="year != null" >
        #{year,jdbcType=VARCHAR},
      </if>
      <if test="china != null" >
        #{china,jdbcType=REAL},
      </if>
      <if test="advancedEconomies != null" >
        #{advancedEconomies,jdbcType=REAL},
      </if>
      <if test="emergingMarketAndDevelopingEconomies != null" >
        #{emergingMarketAndDevelopingEconomies,jdbcType=REAL},
      </if>
      <if test="world != null" >
        #{world,jdbcType=REAL},
      </if>
    </trim>
  </insert>
  <select id="countByExample" parameterType="com.scorpion.pojo.imfExample" resultType="java.lang.Integer" >
    <!--
      WARNING - @mbggenerated
      This element is automatically generated by MyBatis Generator, do not modify.
    -->
    select count(*) from imf
    <if test="_parameter != null" >
      <include refid="Example_Where_Clause" />
    </if>
  </select>
  <update id="updateByExampleSelective" parameterType="map" >
    <!--
      WARNING - @mbggenerated
      This element is automatically generated by MyBatis Generator, do not modify.
    -->
    update imf
    <set >
      <if test="record.id != null" >
        id = #{record.id,jdbcType=INTEGER},
      </if>
      <if test="record.year != null" >
        year = #{record.year,jdbcType=VARCHAR},
      </if>
      <if test="record.china != null" >
        China = #{record.china,jdbcType=REAL},
      </if>
      <if test="record.advancedEconomies != null" >
        Advanced_economies = #{record.advancedEconomies,jdbcType=REAL},
      </if>
      <if test="record.emergingMarketAndDevelopingEconomies != null" >
        Emerging_market_and_developing_economies = #{record.emergingMarketAndDevelopingEconomies,jdbcType=REAL},
      </if>
      <if test="record.world != null" >
        World = #{record.world,jdbcType=REAL},
      </if>
    </set>
    <if test="_parameter != null" >
      <include refid="Update_By_Example_Where_Clause" />
    </if>
  </update>
  <update id="updateByExample" parameterType="map" >
    <!--
      WARNING - @mbggenerated
      This element is automatically generated by MyBatis Generator, do not modify.
    -->
    update imf
    set id = #{record.id,jdbcType=INTEGER},
      year = #{record.year,jdbcType=VARCHAR},
      China = #{record.china,jdbcType=REAL},
      Advanced_economies = #{record.advancedEconomies,jdbcType=REAL},
      Emerging_market_and_developing_economies = #{record.emergingMarketAndDevelopingEconomies,jdbcType=REAL},
      World = #{record.world,jdbcType=REAL}
    <if test="_parameter != null" >
      <include refid="Update_By_Example_Where_Clause" />
    </if>
  </update>
  <update id="updateByPrimaryKeySelective" parameterType="com.scorpion.pojo.imf" >
    <!--
      WARNING - @mbggenerated
      This element is automatically generated by MyBatis Generator, do not modify.
    -->
    update imf
    <set >
      <if test="year != null" >
        year = #{year,jdbcType=VARCHAR},
      </if>
      <if test="china != null" >
        China = #{china,jdbcType=REAL},
      </if>
      <if test="advancedEconomies != null" >
        Advanced_economies = #{advancedEconomies,jdbcType=REAL},
      </if>
      <if test="emergingMarketAndDevelopingEconomies != null" >
        Emerging_market_and_developing_economies = #{emergingMarketAndDevelopingEconomies,jdbcType=REAL},
      </if>
      <if test="world != null" >
        World = #{world,jdbcType=REAL},
      </if>
    </set>
    where id = #{id,jdbcType=INTEGER}
  </update>
  <update id="updateByPrimaryKey" parameterType="com.scorpion.pojo.imf" >
    <!--
      WARNING - @mbggenerated
      This element is automatically generated by MyBatis Generator, do not modify.
    -->
    update imf
    set year = #{year,jdbcType=VARCHAR},
      China = #{china,jdbcType=REAL},
      Advanced_economies = #{advancedEconomies,jdbcType=REAL},
      Emerging_market_and_developing_economies = #{emergingMarketAndDevelopingEconomies,jdbcType=REAL},
      World = #{world,jdbcType=REAL}
    where id = #{id,jdbcType=INTEGER}
  </update>
  <select id="selectAllimf" resultMap="BaseResultMap">
    SELECT * from imf ORDER BY year
  </select>
</mapper>