<?xml version="1.0" encoding="UTF-8"?>
<!DOCTYPE mapper PUBLIC "-//mybatis.org//DTD Mapper 3.0//EN" "http://mybatis.org/dtd/mybatis-3-mapper.dtd">
<mapper namespace="com.scorpion.dao.IndicateOfPPIMapper">
  <resultMap id="BaseResultMap" type="com.scorpion.pojo.IndicateOfPPI">
    <!--
      WARNING - @mbggenerated
      This element is automatically generated by MyBatis Generator, do not modify.
    -->
    <id column="id" jdbcType="INTEGER" property="id" />
    <result column="area" jdbcType="VARCHAR" property="area" />
    <result column="indicate" jdbcType="VARCHAR" property="indicate" />
    <result column="season" jdbcType="VARCHAR" property="season" />
    <result column="data" jdbcType="VARCHAR" property="data" />
    <result column="season_name" jdbcType="VARCHAR" property="seasonName" />
  </resultMap>
  <sql id="Example_Where_Clause">
    <!--
      WARNING - @mbggenerated
      This element is automatically generated by MyBatis Generator, do not modify.
    -->
    <where>
      <foreach collection="oredCriteria" item="criteria" separator="or">
        <if test="criteria.valid">
          <trim prefix="(" prefixOverrides="and" suffix=")">
            <foreach collection="criteria.criteria" item="criterion">
              <choose>
                <when test="criterion.noValue">
                  and ${criterion.condition}
                </when>
                <when test="criterion.singleValue">
                  and ${criterion.condition} #{criterion.value}
                </when>
                <when test="criterion.betweenValue">
                  and ${criterion.condition} #{criterion.value} and #{criterion.secondValue}
                </when>
                <when test="criterion.listValue">
                  and ${criterion.condition}
                  <foreach close=")" collection="criterion.value" item="listItem" open="(" separator=",">
                    #{listItem}
                  </foreach>
                </when>
              </choose>
            </foreach>
          </trim>
        </if>
      </foreach>
    </where>
  </sql>
  <sql id="Update_By_Example_Where_Clause">
    <!--
      WARNING - @mbggenerated
      This element is automatically generated by MyBatis Generator, do not modify.
    -->
    <where>
      <foreach collection="example.oredCriteria" item="criteria" separator="or">
        <if test="criteria.valid">
          <trim prefix="(" prefixOverrides="and" suffix=")">
            <foreach collection="criteria.criteria" item="criterion">
              <choose>
                <when test="criterion.noValue">
                  and ${criterion.condition}
                </when>
                <when test="criterion.singleValue">
                  and ${criterion.condition} #{criterion.value}
                </when>
                <when test="criterion.betweenValue">
                  and ${criterion.condition} #{criterion.value} and #{criterion.secondValue}
                </when>
                <when test="criterion.listValue">
                  and ${criterion.condition}
                  <foreach close=")" collection="criterion.value" item="listItem" open="(" separator=",">
                    #{listItem}
                  </foreach>
                </when>
              </choose>
            </foreach>
          </trim>
        </if>
      </foreach>
    </where>
  </sql>
  <sql id="Base_Column_List">
    <!--
      WARNING - @mbggenerated
      This element is automatically generated by MyBatis Generator, do not modify.
    -->
    id, area, indicate, season, data, season_name
  </sql>
  <select id="selectByExample" parameterType="com.scorpion.pojo.IndicateOfPPIExample" resultMap="BaseResultMap">
    <!--
      WARNING - @mbggenerated
      This element is automatically generated by MyBatis Generator, do not modify.
    -->
    select
    <if test="distinct">
      distinct
    </if>
    <include refid="Base_Column_List" />
    from ppi
    <if test="_parameter != null">
      <include refid="Example_Where_Clause" />
    </if>
    <if test="orderByClause != null">
      order by ${orderByClause}
    </if>
  </select>
  <select id="selectByPrimaryKey" parameterType="java.lang.Integer" resultMap="BaseResultMap">
    <!--
      WARNING - @mbggenerated
      This element is automatically generated by MyBatis Generator, do not modify.
    -->
    select 
    <include refid="Base_Column_List" />
    from ppi
    where id = #{id,jdbcType=INTEGER}
  </select>
  <delete id="deleteByPrimaryKey" parameterType="java.lang.Integer">
    <!--
      WARNING - @mbggenerated
      This element is automatically generated by MyBatis Generator, do not modify.
    -->
    delete from ppi
    where id = #{id,jdbcType=INTEGER}
  </delete>
  <delete id="deleteByExample" parameterType="com.scorpion.pojo.IndicateOfPPIExample">
    <!--
      WARNING - @mbggenerated
      This element is automatically generated by MyBatis Generator, do not modify.
    -->
    delete from ppi
    <if test="_parameter != null">
      <include refid="Example_Where_Clause" />
    </if>
  </delete>
  <insert id="insert" parameterType="com.scorpion.pojo.IndicateOfPPI">
    <!--
      WARNING - @mbggenerated
      This element is automatically generated by MyBatis Generator, do not modify.
    -->
    insert into ppi (id, area, indicate, 
      season, data, season_name
      )
    values (#{id,jdbcType=INTEGER}, #{area,jdbcType=VARCHAR}, #{indicate,jdbcType=VARCHAR}, 
      #{season,jdbcType=VARCHAR}, #{data,jdbcType=VARCHAR}, #{seasonName,jdbcType=VARCHAR}
      )
  </insert>
  <insert id="insertSelective" parameterType="com.scorpion.pojo.IndicateOfPPI">
    <!--
      WARNING - @mbggenerated
      This element is automatically generated by MyBatis Generator, do not modify.
    -->
    insert into ppi
    <trim prefix="(" suffix=")" suffixOverrides=",">
      <if test="id != null">
        id,
      </if>
      <if test="area != null">
        area,
      </if>
      <if test="indicate != null">
        indicate,
      </if>
      <if test="season != null">
        season,
      </if>
      <if test="data != null">
        data,
      </if>
      <if test="seasonName != null">
        season_name,
      </if>
    </trim>
    <trim prefix="values (" suffix=")" suffixOverrides=",">
      <if test="id != null">
        #{id,jdbcType=INTEGER},
      </if>
      <if test="area != null">
        #{area,jdbcType=VARCHAR},
      </if>
      <if test="indicate != null">
        #{indicate,jdbcType=VARCHAR},
      </if>
      <if test="season != null">
        #{season,jdbcType=VARCHAR},
      </if>
      <if test="data != null">
        #{data,jdbcType=VARCHAR},
      </if>
      <if test="seasonName != null">
        #{seasonName,jdbcType=VARCHAR},
      </if>
    </trim>
  </insert>
  <select id="countByExample" parameterType="com.scorpion.pojo.IndicateOfPPIExample" resultType="java.lang.Integer">
    <!--
      WARNING - @mbggenerated
      This element is automatically generated by MyBatis Generator, do not modify.
    -->
    select count(*) from ppi
    <if test="_parameter != null">
      <include refid="Example_Where_Clause" />
    </if>
  </select>
  <update id="updateByExampleSelective" parameterType="map">
    <!--
      WARNING - @mbggenerated
      This element is automatically generated by MyBatis Generator, do not modify.
    -->
    update ppi
    <set>
      <if test="record.id != null">
        id = #{record.id,jdbcType=INTEGER},
      </if>
      <if test="record.area != null">
        area = #{record.area,jdbcType=VARCHAR},
      </if>
      <if test="record.indicate != null">
        indicate = #{record.indicate,jdbcType=VARCHAR},
      </if>
      <if test="record.season != null">
        season = #{record.season,jdbcType=VARCHAR},
      </if>
      <if test="record.data != null">
        data = #{record.data,jdbcType=VARCHAR},
      </if>
      <if test="record.seasonName != null">
        season_name = #{record.seasonName,jdbcType=VARCHAR},
      </if>
    </set>
    <if test="_parameter != null">
      <include refid="Update_By_Example_Where_Clause" />
    </if>
  </update>
  <update id="updateByExample" parameterType="map">
    <!--
      WARNING - @mbggenerated
      This element is automatically generated by MyBatis Generator, do not modify.
    -->
    update ppi
    set id = #{record.id,jdbcType=INTEGER},
      area = #{record.area,jdbcType=VARCHAR},
      indicate = #{record.indicate,jdbcType=VARCHAR},
      season = #{record.season,jdbcType=VARCHAR},
      data = #{record.data,jdbcType=VARCHAR},
      season_name = #{record.seasonName,jdbcType=VARCHAR}
    <if test="_parameter != null">
      <include refid="Update_By_Example_Where_Clause" />
    </if>
  </update>
  <update id="updateByPrimaryKeySelective" parameterType="com.scorpion.pojo.IndicateOfPPI">
    <!--
      WARNING - @mbggenerated
      This element is automatically generated by MyBatis Generator, do not modify.
    -->
    update ppi
    <set>
      <if test="area != null">
        area = #{area,jdbcType=VARCHAR},
      </if>
      <if test="indicate != null">
        indicate = #{indicate,jdbcType=VARCHAR},
      </if>
      <if test="season != null">
        season = #{season,jdbcType=VARCHAR},
      </if>
      <if test="data != null">
        data = #{data,jdbcType=VARCHAR},
      </if>
      <if test="seasonName != null">
        season_name = #{seasonName,jdbcType=VARCHAR},
      </if>
    </set>
    where id = #{id,jdbcType=INTEGER}
  </update>
  <update id="updateByPrimaryKey" parameterType="com.scorpion.pojo.IndicateOfPPI">
    <!--
      WARNING - @mbggenerated
      This element is automatically generated by MyBatis Generator, do not modify.
    -->
    update ppi
    set area = #{area,jdbcType=VARCHAR},
      indicate = #{indicate,jdbcType=VARCHAR},
      season = #{season,jdbcType=VARCHAR},
      data = #{data,jdbcType=VARCHAR},
      season_name = #{seasonName,jdbcType=VARCHAR}
    where id = #{id,jdbcType=INTEGER}
  </update>

  <select id="selectAllPPI" resultMap="BaseResultMap">
    SELECT * from PPI ORDER BY season
  </select>
</mapper>