<?xml version="1.0" encoding="UTF-8" ?>
<!DOCTYPE mapper PUBLIC "-//mybatis.org//DTD Mapper 3.0//EN" "http://mybatis.org/dtd/mybatis-3-mapper.dtd" >
<mapper namespace="com.scorpion.dao.IndicateOfCPIMapper" >
  <resultMap id="BaseResultMap" type="com.scorpion.pojo.IndicateOfCPI" >
    <!--
      WARNING - @mbggenerated
      This element is automatically generated by MyBatis Generator, do not modify.
    -->
    <id column="id" property="id" jdbcType="INTEGER" />
    <result column="area" property="area" jdbcType="VARCHAR" />
    <result column="indicate" property="indicate" jdbcType="VARCHAR" />
    <result column="season" property="season" jdbcType="VARCHAR" />
    <result column="data" property="data" jdbcType="VARCHAR" />
    <result column="season_name" property="seasonName" jdbcType="VARCHAR" />
  </resultMap>
  <sql id="Example_Where_Clause" >
    <!--
      WARNING - @mbggenerated
      This element is automatically generated by MyBatis Generator, do not modify.
    -->
    <where >
      <foreach collection="oredCriteria" item="criteria" separator="or" >
        <if test="criteria.valid" >
          <trim prefix="(" suffix=")" prefixOverrides="and" >
            <foreach collection="criteria.criteria" item="criterion" >
              <choose >
                <when test="criterion.noValue" >
                  and ${criterion.condition}
                </when>
                <when test="criterion.singleValue" >
                  and ${criterion.condition} #{criterion.value}
                </when>
                <when test="criterion.betweenValue" >
                  and ${criterion.condition} #{criterion.value} and #{criterion.secondValue}
                </when>
                <when test="criterion.listValue" >
                  and ${criterion.condition}
                  <foreach collection="criterion.value" item="listItem" open="(" close=")" separator="," >
                    #{listItem}
                  </foreach>
                </when>
              </choose>
            </foreach>
          </trim>
        </if>
      </foreach>
    </where>
  </sql>
  <sql id="Update_By_Example_Where_Clause" >
    <!--
      WARNING - @mbggenerated
      This element is automatically generated by MyBatis Generator, do not modify.
    -->
    <where >
      <foreach collection="example.oredCriteria" item="criteria" separator="or" >
        <if test="criteria.valid" >
          <trim prefix="(" suffix=")" prefixOverrides="and" >
            <foreach collection="criteria.criteria" item="criterion" >
              <choose >
                <when test="criterion.noValue" >
                  and ${criterion.condition}
                </when>
                <when test="criterion.singleValue" >
                  and ${criterion.condition} #{criterion.value}
                </when>
                <when test="criterion.betweenValue" >
                  and ${criterion.condition} #{criterion.value} and #{criterion.secondValue}
                </when>
                <when test="criterion.listValue" >
                  and ${criterion.condition}
                  <foreach collection="criterion.value" item="listItem" open="(" close=")" separator="," >
                    #{listItem}
                  </foreach>
                </when>
              </choose>
            </foreach>
          </trim>
        </if>
      </foreach>
    </where>
  </sql>
  <sql id="Base_Column_List" >
    <!--
      WARNING - @mbggenerated
      This element is automatically generated by MyBatis Generator, do not modify.
    -->
    id, area, indicate, season, data, season_name
  </sql>
  <select id="selectByExample" resultMap="BaseResultMap" parameterType="com.scorpion.pojo.IndicateOfCPIExample" >
    <!--
      WARNING - @mbggenerated
      This element is automatically generated by MyBatis Generator, do not modify.
    -->
    select
    <if test="distinct" >
      distinct
    </if>
    <include refid="Base_Column_List" />
    from cpi
    <if test="_parameter != null" >
      <include refid="Example_Where_Clause" />
    </if>
    <if test="orderByClause != null" >
      order by ${orderByClause}
    </if>
  </select>
  <select id="selectByPrimaryKey" resultMap="BaseResultMap" parameterType="java.lang.Integer" >
    <!--
      WARNING - @mbggenerated
      This element is automatically generated by MyBatis Generator, do not modify.
    -->
    select 
    <include refid="Base_Column_List" />
    from cpi
    where id = #{id,jdbcType=INTEGER}
  </select>
  <delete id="deleteByPrimaryKey" parameterType="java.lang.Integer" >
    <!--
      WARNING - @mbggenerated
      This element is automatically generated by MyBatis Generator, do not modify.
    -->
    delete from cpi
    where id = #{id,jdbcType=INTEGER}
  </delete>
  <delete id="deleteByExample" parameterType="com.scorpion.pojo.IndicateOfCPIExample" >
    <!--
      WARNING - @mbggenerated
      This element is automatically generated by MyBatis Generator, do not modify.
    -->
    delete from cpi
    <if test="_parameter != null" >
      <include refid="Example_Where_Clause" />
    </if>
  </delete>
  <insert id="insert" parameterType="com.scorpion.pojo.IndicateOfCPI" >
    <!--
      WARNING - @mbggenerated
      This element is automatically generated by MyBatis Generator, do not modify.
    -->
    insert into cpi (id, area, indicate, 
      season, data, season_name
      )
    values (#{id,jdbcType=INTEGER}, #{area,jdbcType=VARCHAR}, #{indicate,jdbcType=VARCHAR}, 
      #{season,jdbcType=VARCHAR}, #{data,jdbcType=VARCHAR}, #{seasonName,jdbcType=VARCHAR}
      )
  </insert>
  <insert id="insertSelective" parameterType="com.scorpion.pojo.IndicateOfCPI" >
    <!--
      WARNING - @mbggenerated
      This element is automatically generated by MyBatis Generator, do not modify.
    -->
    insert into cpi
    <trim prefix="(" suffix=")" suffixOverrides="," >
      <if test="id != null" >
        id,
      </if>
      <if test="area != null" >
        area,
      </if>
      <if test="indicate != null" >
        indicate,
      </if>
      <if test="season != null" >
        season,
      </if>
      <if test="data != null" >
        data,
      </if>
      <if test="seasonName != null" >
        season_name,
      </if>
    </trim>
    <trim prefix="values (" suffix=")" suffixOverrides="," >
      <if test="id != null" >
        #{id,jdbcType=INTEGER},
      </if>
      <if test="area != null" >
        #{area,jdbcType=VARCHAR},
      </if>
      <if test="indicate != null" >
        #{indicate,jdbcType=VARCHAR},
      </if>
      <if test="season != null" >
        #{season,jdbcType=VARCHAR},
      </if>
      <if test="data != null" >
        #{data,jdbcType=VARCHAR},
      </if>
      <if test="seasonName != null" >
        #{seasonName,jdbcType=VARCHAR},
      </if>
    </trim>
  </insert>
  <select id="countByExample" parameterType="com.scorpion.pojo.IndicateOfCPIExample" resultType="java.lang.Integer" >
    <!--
      WARNING - @mbggenerated
      This element is automatically generated by MyBatis Generator, do not modify.
    -->
    select count(*) from cpi
    <if test="_parameter != null" >
      <include refid="Example_Where_Clause" />
    </if>
  </select>
  <update id="updateByExampleSelective" parameterType="map" >
    <!--
      WARNING - @mbggenerated
      This element is automatically generated by MyBatis Generator, do not modify.
    -->
    update cpi
    <set >
      <if test="record.id != null" >
        id = #{record.id,jdbcType=INTEGER},
      </if>
      <if test="record.area != null" >
        area = #{record.area,jdbcType=VARCHAR},
      </if>
      <if test="record.indicate != null" >
        indicate = #{record.indicate,jdbcType=VARCHAR},
      </if>
      <if test="record.season != null" >
        season = #{record.season,jdbcType=VARCHAR},
      </if>
      <if test="record.data != null" >
        data = #{record.data,jdbcType=VARCHAR},
      </if>
      <if test="record.seasonName != null" >
        season_name = #{record.seasonName,jdbcType=VARCHAR},
      </if>
    </set>
    <if test="_parameter != null" >
      <include refid="Update_By_Example_Where_Clause" />
    </if>
  </update>
  <update id="updateByExample" parameterType="map" >
    <!--
      WARNING - @mbggenerated
      This element is automatically generated by MyBatis Generator, do not modify.
    -->
    update cpi
    set id = #{record.id,jdbcType=INTEGER},
      area = #{record.area,jdbcType=VARCHAR},
      indicate = #{record.indicate,jdbcType=VARCHAR},
      season = #{record.season,jdbcType=VARCHAR},
      data = #{record.data,jdbcType=VARCHAR},
      season_name = #{record.seasonName,jdbcType=VARCHAR}
    <if test="_parameter != null" >
      <include refid="Update_By_Example_Where_Clause" />
    </if>
  </update>
  <update id="updateByPrimaryKeySelective" parameterType="com.scorpion.pojo.IndicateOfCPI" >
    <!--
      WARNING - @mbggenerated
      This element is automatically generated by MyBatis Generator, do not modify.
    -->
    update cpi
    <set >
      <if test="area != null" >
        area = #{area,jdbcType=VARCHAR},
      </if>
      <if test="indicate != null" >
        indicate = #{indicate,jdbcType=VARCHAR},
      </if>
      <if test="season != null" >
        season = #{season,jdbcType=VARCHAR},
      </if>
      <if test="data != null" >
        data = #{data,jdbcType=VARCHAR},
      </if>
      <if test="seasonName != null" >
        season_name = #{seasonName,jdbcType=VARCHAR},
      </if>
    </set>
    where id = #{id,jdbcType=INTEGER}
  </update>
  <update id="updateByPrimaryKey" parameterType="com.scorpion.pojo.IndicateOfCPI" >
    <!--
      WARNING - @mbggenerated
      This element is automatically generated by MyBatis Generator, do not modify.
    -->
    update cpi
    set area = #{area,jdbcType=VARCHAR},
      indicate = #{indicate,jdbcType=VARCHAR},
      season = #{season,jdbcType=VARCHAR},
      data = #{data,jdbcType=VARCHAR},
      season_name = #{seasonName,jdbcType=VARCHAR}
    where id = #{id,jdbcType=INTEGER}
  </update>
  <select id="selectAllCPI" resultMap="BaseResultMap">
    SELECT * from CPI_month ORDER BY season
  </select>
</mapper>