<?xml version="1.0" encoding="UTF-8" ?>
<!DOCTYPE mapper PUBLIC "-//mybatis.org//DTD Mapper 3.0//EN" "http://mybatis.org/dtd/mybatis-3-mapper.dtd" >
<mapper namespace="com.scorpion.dao.negativenewsMapper" >
  <resultMap id="BaseResultMap" type="com.scorpion.pojo.negativenews" >
    <!--
      WARNING - @mbggenerated
      This element is automatically generated by MyBatis Generator, do not modify.
    -->

    <result column="source" property="source" jdbcType="VARCHAR" />

    <result column="ispush" property="ispush" jdbcType="INTEGER" />
    <result column="isread" property="isread" jdbcType="INTEGER" />
  </resultMap>
  <resultMap id="ResultMapWithBLOBs" type="com.scorpion.pojo.negativenewsWithBLOBs" extends="BaseResultMap" >
    <!--
      WARNING - @mbggenerated
      This element is automatically generated by MyBatis Generator, do not modify.
    -->
    <id column="id" property="id" jdbcType="INTEGER" />
    <result column="date" property="date" jdbcType="LONGVARCHAR" />
    <result column="oreitationvalue" property="oreitationvalue" jdbcType="LONGVARCHAR" />
    <result column="title" property="title" jdbcType="LONGVARCHAR" />
    <result column="url" property="url" jdbcType="LONGVARCHAR" />
    <result column="keywords" property="keywords" jdbcType="LONGVARCHAR" />
    <result column="html" property="html" jdbcType="LONGVARCHAR" />
    <result column="relcompany" property="relcompany" jdbcType="LONGVARCHAR" />
  </resultMap>
  <resultMap id="ComNameNewsCount" type="com.scorpion.pojo.ComNameNewsCount">
    <result column="name" property="name" jdbcType="LONGVARCHAR"/>
    <result column="num" property="num" jdbcType="INTEGER"/>
  </resultMap>
  <resultMap id="PredictedandRealistic" type="com.scorpion.pojo.PredictedandRealistic">
    <result column="name" property="name" jdbcType="LONGVARCHAR"/>
    <result column="predicted" property="predicted" jdbcType="LONGVARCHAR"/>
    <result column="realistic" property="realistic" jdbcType="LONGVARCHAR"/>
  </resultMap>
  <resultMap id="bignews" type="com.scorpion.pojo.bignews">
    <result column="id" property="id" jdbcType="INTEGER"></result>
    <result column="name" property="name" jdbcType="LONGVARCHAR"></result>
    <result column="title" property="title" jdbcType="LONGVARCHAR"></result>
    <result column="date" property="date" jdbcType="LONGVARCHAR"></result>
    <result column="url" property="url" jdbcType="LONGVARCHAR"></result>
    <result column="keywords" property="keywords" jdbcType="LONGVARCHAR"></result>
    <result column="html" property="content" jdbcType="LONGVARCHAR"></result>
  </resultMap>
  <sql id="Example_Where_Clause" >
    <!--
      WARNING - @mbggenerated
      This element is automatically generated by MyBatis Generator, do not modify.
    -->
    <where >
      <foreach collection="oredCriteria" item="criteria" separator="or" >
        <if test="criteria.valid" >
          <trim prefix="(" suffix=")" prefixOverrides="and" >
            <foreach collection="criteria.criteria" item="criterion" >
              <choose >
                <when test="criterion.noValue" >
                  and ${criterion.condition}
                </when>
                <when test="criterion.singleValue" >
                  and ${criterion.condition} #{criterion.value}
                </when>
                <when test="criterion.betweenValue" >
                  and ${criterion.condition} #{criterion.value} and #{criterion.secondValue}
                </when>
                <when test="criterion.listValue" >
                  and ${criterion.condition}
                  <foreach collection="criterion.value" item="listItem" open="(" close=")" separator="," >
                    #{listItem}
                  </foreach>
                </when>
              </choose>
            </foreach>
          </trim>
        </if>
      </foreach>
    </where>
  </sql>
  <sql id="Update_By_Example_Where_Clause" >
    <!--
      WARNING - @mbggenerated
      This element is automatically generated by MyBatis Generator, do not modify.
    -->
    <where >
      <foreach collection="example.oredCriteria" item="criteria" separator="or" >
        <if test="criteria.valid" >
          <trim prefix="(" suffix=")" prefixOverrides="and" >
            <foreach collection="criteria.criteria" item="criterion" >
              <choose >
                <when test="criterion.noValue" >
                  and ${criterion.condition}
                </when>
                <when test="criterion.singleValue" >
                  and ${criterion.condition} #{criterion.value}
                </when>
                <when test="criterion.betweenValue" >
                  and ${criterion.condition} #{criterion.value} and #{criterion.secondValue}
                </when>
                <when test="criterion.listValue" >
                  and ${criterion.condition}
                  <foreach collection="criterion.value" item="listItem" open="(" close=")" separator="," >
                    #{listItem}
                  </foreach>
                </when>
              </choose>
            </foreach>
          </trim>
        </if>
      </foreach>
    </where>
  </sql>
  <sql id="Base_Column_List" >
    <!--
      WARNING - @mbggenerated
      This element is automatically generated by MyBatis Generator, do not modify.
    -->
    id, source, date, oreitationvalue, ispush, isread
  </sql>
  <select id="ComMonthNewsCount" resultMap="ComNameNewsCount">
    SELECT name,count(*) as num from topcompany WHERE DATE BETWEEN date_add(curdate(), interval -1 year) and curdate() GROUP BY name ORDER BY name
  </select>
  <select id="ComMonthBeforeNewsCount" resultMap="ComNameNewsCount">
    SELECT name,count(*) as num from topcompany WHERE DATE BETWEEN date_add(curdate(), interval -2 year) and date_add(curdate(), interval -1 year) GROUP BY name ORDER BY name
  </select>
  <select id="MostPredictedRealisticString" resultMap="PredictedandRealistic">
    SELECT name,predicted,realistic,bignewsid,similarcount from timecount ORDER BY id
  </select>
  <select id="TopPredictedRealisticString" resultMap="PredictedandRealistic">
    SELECT name,predicted,realistic,bignewsid,similarcount from timecount_top ORDER BY id
  </select>
  <select id="GetBigNewsById" resultMap="bignews">
    SELECT id,name,title,date,url,keywords,html from timecount_copy where id = #{bignewsid}
  </select>
  <sql id="Blob_Column_List" >
    <!--
      WARNING - @mbggenerated
      This element is automatically generated by MyBatis Generator, do not modify.
    -->
    title, url, keywords, html, relcompany
  </sql>
  <select id="queryNegativenews" parameterType="Map" resultMap="ResultMapWithBLOBs">
    select * from negativenews where date > 2016-12-31 order by date desc limit #{start},#{size}
  </select>
  <select id="selectByExampleWithBLOBs" resultMap="ResultMapWithBLOBs" parameterType="com.scorpion.pojo.negativenewsExample" >
    <!--
      WARNING - @mbggenerated
      This element is automatically generated by MyBatis Generator, do not modify.
    -->
    select
    <if test="distinct" >
      distinct
    </if>
    <include refid="Base_Column_List" />
    ,
    <include refid="Blob_Column_List" />
    from negativenews
    <if test="_parameter != null" >
      <include refid="Example_Where_Clause" />
    </if>
    <if test="orderByClause != null" >
      order by ${orderByClause}
    </if>
  </select>
  <select id="selectByExample" resultMap="BaseResultMap" parameterType="com.scorpion.pojo.negativenewsExample" >
    <!--
      WARNING - @mbggenerated
      This element is automatically generated by MyBatis Generator, do not modify.
    -->
    select
    <if test="distinct" >
      distinct
    </if>
    <include refid="Base_Column_List" />
    from negativenews
    <if test="_parameter != null" >
      <include refid="Example_Where_Clause" />
    </if>
    <if test="orderByClause != null" >
      order by ${orderByClause}
    </if>
  </select>
  <select id="selectByPrimaryKey" resultMap="ResultMapWithBLOBs" parameterType="java.lang.Integer" >
    <!--
      WARNING - @mbggenerated
      This element is automatically generated by MyBatis Generator, do not modify.
    -->
    select
    <include refid="Base_Column_List" />
    ,
    <include refid="Blob_Column_List" />
    from negativenews
    where id = #{id,jdbcType=INTEGER}
  </select>
  <delete id="deleteByPrimaryKey" parameterType="java.lang.Integer" >
    <!--
      WARNING - @mbggenerated
      This element is automatically generated by MyBatis Generator, do not modify.
    -->
    delete from negativenews
    where id = #{id,jdbcType=INTEGER}
  </delete>
  <delete id="deleteByExample" parameterType="com.scorpion.pojo.negativenewsExample" >
    <!--
      WARNING - @mbggenerated
      This element is automatically generated by MyBatis Generator, do not modify.
    -->
    delete from negativenews
    <if test="_parameter != null" >
      <include refid="Example_Where_Clause" />
    </if>
  </delete>
  <insert id="insert" parameterType="com.scorpion.pojo.negativenewsWithBLOBs" >
    <!--
      WARNING - @mbggenerated
      This element is automatically generated by MyBatis Generator, do not modify.
    -->
    insert into negativenews (id, source, date,
    oreitationvalue, ispush, isread,
    title, url, keywords,
    html, relcompany)
    values (#{id,jdbcType=INTEGER}, #{source,jdbcType=VARCHAR}, #{date,jdbcType=DATE},
    #{oreitationvalue,jdbcType=REAL}, #{ispush,jdbcType=INTEGER}, #{isread,jdbcType=INTEGER},
    #{title,jdbcType=LONGVARCHAR}, #{url,jdbcType=LONGVARCHAR}, #{keywords,jdbcType=LONGVARCHAR},
    #{html,jdbcType=LONGVARCHAR}, #{relcompany,jdbcType=LONGVARCHAR})
  </insert>
  <insert id="insertSelective" parameterType="com.scorpion.pojo.negativenewsWithBLOBs" >
    <!--
      WARNING - @mbggenerated
      This element is automatically generated by MyBatis Generator, do not modify.
    -->
    insert into negativenews
    <trim prefix="(" suffix=")" suffixOverrides="," >
      <if test="id != null" >
        id,
      </if>
      <if test="source != null" >
        source,
      </if>
      <if test="date != null" >
        date,
      </if>
      <if test="oreitationvalue != null" >
        oreitationvalue,
      </if>
      <if test="ispush != null" >
        ispush,
      </if>
      <if test="isread != null" >
        isread,
      </if>
      <if test="title != null" >
        title,
      </if>
      <if test="url != null" >
        url,
      </if>
      <if test="keywords != null" >
        keywords,
      </if>
      <if test="html != null" >
        html,
      </if>
      <if test="relcompany != null" >
        relcompany,
      </if>
    </trim>
    <trim prefix="values (" suffix=")" suffixOverrides="," >
      <if test="id != null" >
        #{id,jdbcType=INTEGER},
      </if>
      <if test="source != null" >
        #{source,jdbcType=VARCHAR},
      </if>
      <if test="date != null" >
        #{date,jdbcType=DATE},
      </if>
      <if test="oreitationvalue != null" >
        #{oreitationvalue,jdbcType=REAL},
      </if>
      <if test="ispush != null" >
        #{ispush,jdbcType=INTEGER},
      </if>
      <if test="isread != null" >
        #{isread,jdbcType=INTEGER},
      </if>
      <if test="title != null" >
        #{title,jdbcType=LONGVARCHAR},
      </if>
      <if test="url != null" >
        #{url,jdbcType=LONGVARCHAR},
      </if>
      <if test="keywords != null" >
        #{keywords,jdbcType=LONGVARCHAR},
      </if>
      <if test="html != null" >
        #{html,jdbcType=LONGVARCHAR},
      </if>
      <if test="relcompany != null" >
        #{relcompany,jdbcType=LONGVARCHAR},
      </if>
    </trim>
  </insert>
  <select id="countByExample" parameterType="com.scorpion.pojo.negativenewsExample" resultType="java.lang.Integer" >
    <!--
      WARNING - @mbggenerated
      This element is automatically generated by MyBatis Generator, do not modify.
    -->
    select count(*) from negativenews
    <if test="_parameter != null" >
      <include refid="Example_Where_Clause" />
    </if>
  </select>
  <update id="updateByExampleSelective" parameterType="map" >
    <!--
      WARNING - @mbggenerated
      This element is automatically generated by MyBatis Generator, do not modify.
    -->
    update negativenews
    <set >
      <if test="record.id != null" >
        id = #{record.id,jdbcType=INTEGER},
      </if>
      <if test="record.source != null" >
        source = #{record.source,jdbcType=VARCHAR},
      </if>
      <if test="record.date != null" >
        date = #{record.date,jdbcType=DATE},
      </if>
      <if test="record.oreitationvalue != null" >
        oreitationvalue = #{record.oreitationvalue,jdbcType=REAL},
      </if>
      <if test="record.ispush != null" >
        ispush = #{record.ispush,jdbcType=INTEGER},
      </if>
      <if test="record.isread != null" >
        isread = #{record.isread,jdbcType=INTEGER},
      </if>
      <if test="record.title != null" >
        title = #{record.title,jdbcType=LONGVARCHAR},
      </if>
      <if test="record.url != null" >
        url = #{record.url,jdbcType=LONGVARCHAR},
      </if>
      <if test="record.keywords != null" >
        keywords = #{record.keywords,jdbcType=LONGVARCHAR},
      </if>
      <if test="record.html != null" >
        html = #{record.html,jdbcType=LONGVARCHAR},
      </if>
      <if test="record.relcompany != null" >
        relcompany = #{record.relcompany,jdbcType=LONGVARCHAR},
      </if>
    </set>
    <if test="_parameter != null" >
      <include refid="Update_By_Example_Where_Clause" />
    </if>
  </update>
  <update id="updateByExampleWithBLOBs" parameterType="map" >
    <!--
      WARNING - @mbggenerated
      This element is automatically generated by MyBatis Generator, do not modify.
    -->
    update negativenews
    set id = #{record.id,jdbcType=INTEGER},
    source = #{record.source,jdbcType=VARCHAR},
    date = #{record.date,jdbcType=DATE},
    oreitationvalue = #{record.oreitationvalue,jdbcType=REAL},
    ispush = #{record.ispush,jdbcType=INTEGER},
    isread = #{record.isread,jdbcType=INTEGER},
    title = #{record.title,jdbcType=LONGVARCHAR},
    url = #{record.url,jdbcType=LONGVARCHAR},
    keywords = #{record.keywords,jdbcType=LONGVARCHAR},
    html = #{record.html,jdbcType=LONGVARCHAR},
    relcompany = #{record.relcompany,jdbcType=LONGVARCHAR}
    <if test="_parameter != null" >
      <include refid="Update_By_Example_Where_Clause" />
    </if>
  </update>
  <update id="updateByExample" parameterType="map" >
    <!--
      WARNING - @mbggenerated
      This element is automatically generated by MyBatis Generator, do not modify.
    -->
    update negativenews
    set id = #{record.id,jdbcType=INTEGER},
    source = #{record.source,jdbcType=VARCHAR},
    date = #{record.date,jdbcType=DATE},
    oreitationvalue = #{record.oreitationvalue,jdbcType=REAL},
    ispush = #{record.ispush,jdbcType=INTEGER},
    isread = #{record.isread,jdbcType=INTEGER}
    <if test="_parameter != null" >
      <include refid="Update_By_Example_Where_Clause" />
    </if>
  </update>
  <update id="updateByPrimaryKeySelective" parameterType="com.scorpion.pojo.negativenewsWithBLOBs" >
    <!--
      WARNING - @mbggenerated
      This element is automatically generated by MyBatis Generator, do not modify.
    -->
    update negativenews
    <set >
      <if test="source != null" >
        source = #{source,jdbcType=VARCHAR},
      </if>
      <if test="date != null" >
        date = #{date,jdbcType=DATE},
      </if>
      <if test="oreitationvalue != null" >
        oreitationvalue = #{oreitationvalue,jdbcType=REAL},
      </if>
      <if test="ispush != null" >
        ispush = #{ispush,jdbcType=INTEGER},
      </if>
      <if test="isread != null" >
        isread = #{isread,jdbcType=INTEGER},
      </if>
      <if test="title != null" >
        title = #{title,jdbcType=LONGVARCHAR},
      </if>
      <if test="url != null" >
        url = #{url,jdbcType=LONGVARCHAR},
      </if>
      <if test="keywords != null" >
        keywords = #{keywords,jdbcType=LONGVARCHAR},
      </if>
      <if test="html != null" >
        html = #{html,jdbcType=LONGVARCHAR},
      </if>
      <if test="relcompany != null" >
        relcompany = #{relcompany,jdbcType=LONGVARCHAR},
      </if>
    </set>
    where id = #{id,jdbcType=INTEGER}
  </update>
  <update id="updateByPrimaryKeyWithBLOBs" parameterType="com.scorpion.pojo.negativenewsWithBLOBs" >
    <!--
      WARNING - @mbggenerated
      This element is automatically generated by MyBatis Generator, do not modify.
    -->
    update negativenews
    set source = #{source,jdbcType=VARCHAR},
    date = #{date,jdbcType=DATE},
    oreitationvalue = #{oreitationvalue,jdbcType=REAL},
    ispush = #{ispush,jdbcType=INTEGER},
    isread = #{isread,jdbcType=INTEGER},
    title = #{title,jdbcType=LONGVARCHAR},
    url = #{url,jdbcType=LONGVARCHAR},
    keywords = #{keywords,jdbcType=LONGVARCHAR},
    html = #{html,jdbcType=LONGVARCHAR},
    relcompany = #{relcompany,jdbcType=LONGVARCHAR}
    where id = #{id,jdbcType=INTEGER}
  </update>
  <update id="updateByPrimaryKey" parameterType="com.scorpion.pojo.negativenews" >
    <!--
      WARNING - @mbggenerated
      This element is automatically generated by MyBatis Generator, do not modify.
    -->
    update negativenews
    set source = #{source,jdbcType=VARCHAR},
    date = #{date,jdbcType=DATE},
    oreitationvalue = #{oreitationvalue,jdbcType=REAL},
    ispush = #{ispush,jdbcType=INTEGER},
    isread = #{isread,jdbcType=INTEGER}
    where id = #{id,jdbcType=INTEGER}
  </update>
</mapper>