<?xml version="1.0" encoding="UTF-8" ?>
<!DOCTYPE mapper PUBLIC "-//mybatis.org//DTD Mapper 3.0//EN" "http://mybatis.org/dtd/mybatis-3-mapper.dtd" >
<mapper namespace="com.scorpion.dao.NewsOfOtherZmqMapper" >
  <resultMap id="BaseResultMap" type="com.scorpion.pojo.NewsOfOtherZmq" >
    <!--
      WARNING - @mbggenerated
      This element is automatically generated by MyBatis Generator, do not modify.
    -->
    <id column="id" property="id" jdbcType="INTEGER" />
    <id column="url" property="url" jdbcType="VARCHAR" />
    <result column="category" property="category" jdbcType="INTEGER" />
    <result column="source" property="source" jdbcType="VARCHAR" />
    <result column="count" property="count" jdbcType="INTEGER" />
  </resultMap>
  <resultMap id="ResultMapWithBLOBs" type="com.scorpion.pojo.NewsOfOtherZmqWithBLOBs" extends="BaseResultMap" >
    <!--
      WARNING - @mbggenerated
      This element is automatically generated by MyBatis Generator, do not modify.
    -->
    <result column="name" property="name" jdbcType="LONGVARCHAR" />
    <result column="title" property="title" jdbcType="LONGVARCHAR" />
    <result column="date" property="date" jdbcType="LONGVARCHAR" />
    <result column="description" property="description" jdbcType="LONGVARCHAR" />
    <result column="keywords" property="keywords" jdbcType="LONGVARCHAR" />
    <result column="Relcompany" property="relcompany" jdbcType="LONGVARCHAR" />
    <result column="html" property="html" jdbcType="LONGVARCHAR" />
  </resultMap>
  <resultMap id="ComNameNewsCount" type="com.scorpion.pojo.ComNameNewsCount">
    <result column="name" property="name" jdbcType="LONGVARCHAR"/>
    <result column="num" property="num" jdbcType="INTEGER"/>
  </resultMap>
  <sql id="Example_Where_Clause" >
    <!--
      WARNING - @mbggenerated
      This element is automatically generated by MyBatis Generator, do not modify.
    -->
    <where >
      <foreach collection="oredCriteria" item="criteria" separator="or" >
        <if test="criteria.valid" >
          <trim prefix="(" suffix=")" prefixOverrides="and" >
            <foreach collection="criteria.criteria" item="criterion" >
              <choose >
                <when test="criterion.noValue" >
                  and ${criterion.condition}
                </when>
                <when test="criterion.singleValue" >
                  and ${criterion.condition} #{criterion.value}
                </when>
                <when test="criterion.betweenValue" >
                  and ${criterion.condition} #{criterion.value} and #{criterion.secondValue}
                </when>
                <when test="criterion.listValue" >
                  and ${criterion.condition}
                  <foreach collection="criterion.value" item="listItem" open="(" close=")" separator="," >
                    #{listItem}
                  </foreach>
                </when>
              </choose>
            </foreach>
          </trim>
        </if>
      </foreach>
    </where>
  </sql>
  <sql id="Update_By_Example_Where_Clause" >
    <!--
      WARNING - @mbggenerated
      This element is automatically generated by MyBatis Generator, do not modify.
    -->
    <where >
      <foreach collection="example.oredCriteria" item="criteria" separator="or" >
        <if test="criteria.valid" >
          <trim prefix="(" suffix=")" prefixOverrides="and" >
            <foreach collection="criteria.criteria" item="criterion" >
              <choose >
                <when test="criterion.noValue" >
                  and ${criterion.condition}
                </when>
                <when test="criterion.singleValue" >
                  and ${criterion.condition} #{criterion.value}
                </when>
                <when test="criterion.betweenValue" >
                  and ${criterion.condition} #{criterion.value} and #{criterion.secondValue}
                </when>
                <when test="criterion.listValue" >
                  and ${criterion.condition}
                  <foreach collection="criterion.value" item="listItem" open="(" close=")" separator="," >
                    #{listItem}
                  </foreach>
                </when>
              </choose>
            </foreach>
          </trim>
        </if>
      </foreach>
    </where>
  </sql>
  <sql id="Base_Column_List" >
    <!--
      WARNING - @mbggenerated
      This element is automatically generated by MyBatis Generator, do not modify.
    -->
    id, url, category, source, count
  </sql>
  <sql id="Blob_Column_List" >
    <!--
      WARNING - @mbggenerated
      This element is automatically generated by MyBatis Generator, do not modify.
    -->
    name, title, date, description, keywords, Relcompany, html
  </sql>
  <select id="selectAllOtherZmqNews" parameterType="Map" resultMap="ResultMapWithBLOBs">
    SELECT * from zimaoqunews ORDER BY date DESC limit #{start},#{size}
  </select>
  <select id="selectMatchOtherZmqNews" parameterType="Map" resultMap="ResultMapWithBLOBs">
    SELECT * from zimaoqunews where name LIKE CONCAT('%',#{name},'%' ) and DATE BETWEEN #{startDate} and #{endDate} ORDER BY date DESC limit #{start},#{size}
  </select>
  <select id="countAllOtherZmqNews" resultType="java.lang.Integer">
    SELECT count(*) from zimaoqunews
  </select>
  <select id="countMatchOtherZmqNews"  parameterType="Map" resultType="java.lang.Integer">
    SELECT count(*) from zimaoqunews where name like CONCAT('%',#{name},'%' ) and DATE BETWEEN #{startDate} and #{endDate}
  </select>
  <select id="OtherZmqNewsCount" resultMap="ComNameNewsCount">
    SELECT name,count(*) as num from zimaoqunews GROUP BY name ORDER BY num DESC LIMIT 1,10
  </select>
  <select id="getMatchOtherZmqNewsCount" resultMap="ComNameNewsCount">
    SELECT name,count(*) as num from zimaoqunews WHERE DATE BETWEEN #{startDate} and #{endDate} GROUP BY name ORDER BY num DESC LIMIT 1,10
  </select>
  <select id="selectByExampleWithBLOBs" resultMap="ResultMapWithBLOBs" parameterType="com.scorpion.pojo.NewsOfOtherZmqExample" >
    <!--
      WARNING - @mbggenerated
      This element is automatically generated by MyBatis Generator, do not modify.
    -->
    select
    <if test="distinct" >
      distinct
    </if>
    <include refid="Base_Column_List" />
    ,
    <include refid="Blob_Column_List" />
    from zimaoqunews
    <if test="_parameter != null" >
      <include refid="Example_Where_Clause" />
    </if>
    <if test="orderByClause != null" >
      order by ${orderByClause}
    </if>
  </select>
  <select id="selectByExample" resultMap="BaseResultMap" parameterType="com.scorpion.pojo.NewsOfOtherZmqExample" >
    <!--
      WARNING - @mbggenerated
      This element is automatically generated by MyBatis Generator, do not modify.
    -->
    select
    <if test="distinct" >
      distinct
    </if>
    <include refid="Base_Column_List" />
    from zimaoqunews
    <if test="_parameter != null" >
      <include refid="Example_Where_Clause" />
    </if>
    <if test="orderByClause != null" >
      order by ${orderByClause}
    </if>
  </select>
  <select id="selectByPrimaryKey" resultMap="ResultMapWithBLOBs" parameterType="com.scorpion.pojo.NewsOfOtherZmqKey" >
    <!--
      WARNING - @mbggenerated
      This element is automatically generated by MyBatis Generator, do not modify.
    -->
    select 
    <include refid="Base_Column_List" />
    ,
    <include refid="Blob_Column_List" />
    from zimaoqunews
    where id = #{id,jdbcType=INTEGER}
      and url = #{url,jdbcType=VARCHAR}
  </select>
  <delete id="deleteByPrimaryKey" parameterType="com.scorpion.pojo.NewsOfOtherZmqKey" >
    <!--
      WARNING - @mbggenerated
      This element is automatically generated by MyBatis Generator, do not modify.
    -->
    delete from zimaoqunews
    where id = #{id,jdbcType=INTEGER}
      and url = #{url,jdbcType=VARCHAR}
  </delete>
  <delete id="deleteByExample" parameterType="com.scorpion.pojo.NewsOfOtherZmqExample" >
    <!--
      WARNING - @mbggenerated
      This element is automatically generated by MyBatis Generator, do not modify.
    -->
    delete from zimaoqunews
    <if test="_parameter != null" >
      <include refid="Example_Where_Clause" />
    </if>
  </delete>
  <insert id="insert" parameterType="com.scorpion.pojo.NewsOfOtherZmqWithBLOBs" >
    <!--
      WARNING - @mbggenerated
      This element is automatically generated by MyBatis Generator, do not modify.
    -->
    insert into zimaoqunews (id, url, category, 
      source, count, name, 
      title, date, description, 
      keywords, Relcompany, html
      )
    values (#{id,jdbcType=INTEGER}, #{url,jdbcType=VARCHAR}, #{category,jdbcType=INTEGER}, 
      #{source,jdbcType=VARCHAR}, #{count,jdbcType=INTEGER}, #{name,jdbcType=LONGVARCHAR}, 
      #{title,jdbcType=LONGVARCHAR}, #{date,jdbcType=LONGVARCHAR}, #{description,jdbcType=LONGVARCHAR}, 
      #{keywords,jdbcType=LONGVARCHAR}, #{relcompany,jdbcType=LONGVARCHAR}, #{html,jdbcType=LONGVARCHAR}
      )
  </insert>
  <insert id="insertSelective" parameterType="com.scorpion.pojo.NewsOfOtherZmqWithBLOBs" >
    <!--
      WARNING - @mbggenerated
      This element is automatically generated by MyBatis Generator, do not modify.
    -->
    insert into zimaoqunews
    <trim prefix="(" suffix=")" suffixOverrides="," >
      <if test="id != null" >
        id,
      </if>
      <if test="url != null" >
        url,
      </if>
      <if test="category != null" >
        category,
      </if>
      <if test="source != null" >
        source,
      </if>
      <if test="count != null" >
        count,
      </if>
      <if test="name != null" >
        name,
      </if>
      <if test="title != null" >
        title,
      </if>
      <if test="date != null" >
        date,
      </if>
      <if test="description != null" >
        description,
      </if>
      <if test="keywords != null" >
        keywords,
      </if>
      <if test="relcompany != null" >
        Relcompany,
      </if>
      <if test="html != null" >
        html,
      </if>
    </trim>
    <trim prefix="values (" suffix=")" suffixOverrides="," >
      <if test="id != null" >
        #{id,jdbcType=INTEGER},
      </if>
      <if test="url != null" >
        #{url,jdbcType=VARCHAR},
      </if>
      <if test="category != null" >
        #{category,jdbcType=INTEGER},
      </if>
      <if test="source != null" >
        #{source,jdbcType=VARCHAR},
      </if>
      <if test="count != null" >
        #{count,jdbcType=INTEGER},
      </if>
      <if test="name != null" >
        #{name,jdbcType=LONGVARCHAR},
      </if>
      <if test="title != null" >
        #{title,jdbcType=LONGVARCHAR},
      </if>
      <if test="date != null" >
        #{date,jdbcType=LONGVARCHAR},
      </if>
      <if test="description != null" >
        #{description,jdbcType=LONGVARCHAR},
      </if>
      <if test="keywords != null" >
        #{keywords,jdbcType=LONGVARCHAR},
      </if>
      <if test="relcompany != null" >
        #{relcompany,jdbcType=LONGVARCHAR},
      </if>
      <if test="html != null" >
        #{html,jdbcType=LONGVARCHAR},
      </if>
    </trim>
  </insert>
  <select id="countByExample" parameterType="com.scorpion.pojo.NewsOfOtherZmqExample" resultType="java.lang.Integer" >
    <!--
      WARNING - @mbggenerated
      This element is automatically generated by MyBatis Generator, do not modify.
    -->
    select count(*) from zimaoqunews
    <if test="_parameter != null" >
      <include refid="Example_Where_Clause" />
    </if>
  </select>
  <update id="updateByExampleSelective" parameterType="map" >
    <!--
      WARNING - @mbggenerated
      This element is automatically generated by MyBatis Generator, do not modify.
    -->
    update zimaoqunews
    <set >
      <if test="record.id != null" >
        id = #{record.id,jdbcType=INTEGER},
      </if>
      <if test="record.url != null" >
        url = #{record.url,jdbcType=VARCHAR},
      </if>
      <if test="record.category != null" >
        category = #{record.category,jdbcType=INTEGER},
      </if>
      <if test="record.source != null" >
        source = #{record.source,jdbcType=VARCHAR},
      </if>
      <if test="record.count != null" >
        count = #{record.count,jdbcType=INTEGER},
      </if>
      <if test="record.name != null" >
        name = #{record.name,jdbcType=LONGVARCHAR},
      </if>
      <if test="record.title != null" >
        title = #{record.title,jdbcType=LONGVARCHAR},
      </if>
      <if test="record.date != null" >
        date = #{record.date,jdbcType=LONGVARCHAR},
      </if>
      <if test="record.description != null" >
        description = #{record.description,jdbcType=LONGVARCHAR},
      </if>
      <if test="record.keywords != null" >
        keywords = #{record.keywords,jdbcType=LONGVARCHAR},
      </if>
      <if test="record.relcompany != null" >
        Relcompany = #{record.relcompany,jdbcType=LONGVARCHAR},
      </if>
      <if test="record.html != null" >
        html = #{record.html,jdbcType=LONGVARCHAR},
      </if>
    </set>
    <if test="_parameter != null" >
      <include refid="Update_By_Example_Where_Clause" />
    </if>
  </update>
  <update id="updateByExampleWithBLOBs" parameterType="map" >
    <!--
      WARNING - @mbggenerated
      This element is automatically generated by MyBatis Generator, do not modify.
    -->
    update zimaoqunews
    set id = #{record.id,jdbcType=INTEGER},
      url = #{record.url,jdbcType=VARCHAR},
      category = #{record.category,jdbcType=INTEGER},
      source = #{record.source,jdbcType=VARCHAR},
      count = #{record.count,jdbcType=INTEGER},
      name = #{record.name,jdbcType=LONGVARCHAR},
      title = #{record.title,jdbcType=LONGVARCHAR},
      date = #{record.date,jdbcType=LONGVARCHAR},
      description = #{record.description,jdbcType=LONGVARCHAR},
      keywords = #{record.keywords,jdbcType=LONGVARCHAR},
      Relcompany = #{record.relcompany,jdbcType=LONGVARCHAR},
      html = #{record.html,jdbcType=LONGVARCHAR}
    <if test="_parameter != null" >
      <include refid="Update_By_Example_Where_Clause" />
    </if>
  </update>
  <update id="updateByExample" parameterType="map" >
    <!--
      WARNING - @mbggenerated
      This element is automatically generated by MyBatis Generator, do not modify.
    -->
    update zimaoqunews
    set id = #{record.id,jdbcType=INTEGER},
      url = #{record.url,jdbcType=VARCHAR},
      category = #{record.category,jdbcType=INTEGER},
      source = #{record.source,jdbcType=VARCHAR},
      count = #{record.count,jdbcType=INTEGER}
    <if test="_parameter != null" >
      <include refid="Update_By_Example_Where_Clause" />
    </if>
  </update>
  <update id="updateByPrimaryKeySelective" parameterType="com.scorpion.pojo.NewsOfOtherZmqWithBLOBs" >
    <!--
      WARNING - @mbggenerated
      This element is automatically generated by MyBatis Generator, do not modify.
    -->
    update zimaoqunews
    <set >
      <if test="category != null" >
        category = #{category,jdbcType=INTEGER},
      </if>
      <if test="source != null" >
        source = #{source,jdbcType=VARCHAR},
      </if>
      <if test="count != null" >
        count = #{count,jdbcType=INTEGER},
      </if>
      <if test="name != null" >
        name = #{name,jdbcType=LONGVARCHAR},
      </if>
      <if test="title != null" >
        title = #{title,jdbcType=LONGVARCHAR},
      </if>
      <if test="date != null" >
        date = #{date,jdbcType=LONGVARCHAR},
      </if>
      <if test="description != null" >
        description = #{description,jdbcType=LONGVARCHAR},
      </if>
      <if test="keywords != null" >
        keywords = #{keywords,jdbcType=LONGVARCHAR},
      </if>
      <if test="relcompany != null" >
        Relcompany = #{relcompany,jdbcType=LONGVARCHAR},
      </if>
      <if test="html != null" >
        html = #{html,jdbcType=LONGVARCHAR},
      </if>
    </set>
    where id = #{id,jdbcType=INTEGER}
      and url = #{url,jdbcType=VARCHAR}
  </update>
  <update id="updateByPrimaryKeyWithBLOBs" parameterType="com.scorpion.pojo.NewsOfOtherZmqWithBLOBs" >
    <!--
      WARNING - @mbggenerated
      This element is automatically generated by MyBatis Generator, do not modify.
    -->
    update zimaoqunews
    set category = #{category,jdbcType=INTEGER},
      source = #{source,jdbcType=VARCHAR},
      count = #{count,jdbcType=INTEGER},
      name = #{name,jdbcType=LONGVARCHAR},
      title = #{title,jdbcType=LONGVARCHAR},
      date = #{date,jdbcType=LONGVARCHAR},
      description = #{description,jdbcType=LONGVARCHAR},
      keywords = #{keywords,jdbcType=LONGVARCHAR},
      Relcompany = #{relcompany,jdbcType=LONGVARCHAR},
      html = #{html,jdbcType=LONGVARCHAR}
    where id = #{id,jdbcType=INTEGER}
      and url = #{url,jdbcType=VARCHAR}
  </update>
  <update id="updateByPrimaryKey" parameterType="com.scorpion.pojo.NewsOfOtherZmq" >
    <!--
      WARNING - @mbggenerated
      This element is automatically generated by MyBatis Generator, do not modify.
    -->
    update zimaoqunews
    set category = #{category,jdbcType=INTEGER},
      source = #{source,jdbcType=VARCHAR},
      count = #{count,jdbcType=INTEGER}
    where id = #{id,jdbcType=INTEGER}
      and url = #{url,jdbcType=VARCHAR}
  </update>
</mapper>