<?xml version="1.0" encoding="UTF-8" ?>
<!DOCTYPE mapper PUBLIC "-//mybatis.org//DTD Mapper 3.0//EN" "http://mybatis.org/dtd/mybatis-3-mapper.dtd" >
<mapper namespace="com.scorpion.dao.PolicyMapper" >
  <resultMap id="BaseResultMap" type="com.scorpion.pojo.Policy" >
    <!--
      WARNING - @mbggenerated
      This element is automatically generated by MyBatis Generator, do not modify.
    -->
    <id column="id" property="id" jdbcType="INTEGER" />
    <result column="url" property="url" jdbcType="VARCHAR" />
    <result column="date" property="date" jdbcType="VARCHAR" />
    <result column="title" property="title" jdbcType="VARCHAR" />
    <result column="category" property="category" jdbcType="VARCHAR" />
    <result column="category_en" property="categoryEn" jdbcType="VARCHAR" />
  </resultMap>
  <resultMap id="ResultMapWithBLOBs" type="com.scorpion.pojo.PolicyWithBLOBs" extends="BaseResultMap" >
    <!--
      WARNING - @mbggenerated
      This element is automatically generated by MyBatis Generator, do not modify.
    -->
    <result column="url" property="url" jdbcType="VARCHAR" />
    <result column="date" property="date" jdbcType="VARCHAR" />
    <result column="title" property="title" jdbcType="VARCHAR" />
    <result column="category" property="category" jdbcType="VARCHAR" />
    <result column="category_en" property="categoryEn" jdbcType="VARCHAR" />
    <result column="html" property="html" jdbcType="LONGVARCHAR" />
    <result column="description" property="description" jdbcType="LONGVARCHAR" />
  </resultMap>
  <sql id="Example_Where_Clause" >
    <!--
      WARNING - @mbggenerated
      This element is automatically generated by MyBatis Generator, do not modify.
    -->
    <where >
      <foreach collection="oredCriteria" item="criteria" separator="or" >
        <if test="criteria.valid" >
          <trim prefix="(" suffix=")" prefixOverrides="and" >
            <foreach collection="criteria.criteria" item="criterion" >
              <choose >
                <when test="criterion.noValue" >
                  and ${criterion.condition}
                </when>
                <when test="criterion.singleValue" >
                  and ${criterion.condition} #{criterion.value}
                </when>
                <when test="criterion.betweenValue" >
                  and ${criterion.condition} #{criterion.value} and #{criterion.secondValue}
                </when>
                <when test="criterion.listValue" >
                  and ${criterion.condition}
                  <foreach collection="criterion.value" item="listItem" open="(" close=")" separator="," >
                    #{listItem}
                  </foreach>
                </when>
              </choose>
            </foreach>
          </trim>
        </if>
      </foreach>
    </where>
  </sql>
  <sql id="Update_By_Example_Where_Clause" >
    <!--
      WARNING - @mbggenerated
      This element is automatically generated by MyBatis Generator, do not modify.
    -->
    <where >
      <foreach collection="example.oredCriteria" item="criteria" separator="or" >
        <if test="criteria.valid" >
          <trim prefix="(" suffix=")" prefixOverrides="and" >
            <foreach collection="criteria.criteria" item="criterion" >
              <choose >
                <when test="criterion.noValue" >
                  and ${criterion.condition}
                </when>
                <when test="criterion.singleValue" >
                  and ${criterion.condition} #{criterion.value}
                </when>
                <when test="criterion.betweenValue" >
                  and ${criterion.condition} #{criterion.value} and #{criterion.secondValue}
                </when>
                <when test="criterion.listValue" >
                  and ${criterion.condition}
                  <foreach collection="criterion.value" item="listItem" open="(" close=")" separator="," >
                    #{listItem}
                  </foreach>
                </when>
              </choose>
            </foreach>
          </trim>
        </if>
      </foreach>
    </where>
  </sql>
  <sql id="Base_Column_List" >
    <!--
      WARNING - @mbggenerated
      This element is automatically generated by MyBatis Generator, do not modify.
    -->
    id, url, date, title, category, category_en
  </sql>
  <sql id="Blob_Column_List" >
    <!--
      WARNING - @mbggenerated
      This element is automatically generated by MyBatis Generator, do not modify.
    -->
    html, description
  </sql>
  <select id="selectPolicyNews" parameterType="Map" resultMap="ResultMapWithBLOBs">
    SELECT * from policy ORDER BY date DESC limit #{start},#{size}
  </select>
  <select id="selectPolicyByCat" parameterType="Map" resultMap="ResultMapWithBLOBs">
    SELECT * from policy where category_en = #{cat} ORDER BY date DESC limit #{start},#{size}
  </select>
  <select id="selectMatchPolicyNews" parameterType="Map" resultMap="ResultMapWithBLOBs">
    SELECT * from policy where category_en LIKE CONCAT('%',#{cat},'%' ) and date BETWEEN #{startDate} and #{endDate} ORDER BY date DESC limit #{start},#{size}
  </select>
  <select id="countPolicyNews" resultType="java.lang.Integer">
    SELECT count(*) from policy
  </select>
  <select id="countPolicyByCat"  parameterType="Map" resultType="java.lang.Integer">
    SELECT count(*) from policy where category_en = #{cat}
  </select>
  <select id="countMatchPolicyNews"  parameterType="Map" resultType="java.lang.Integer">
    SELECT count(*) from policy where category_en = #{cat} and date BETWEEN #{startDate} and #{endDate}
  </select>
  <select id="selectByExampleWithBLOBs" resultMap="ResultMapWithBLOBs" parameterType="com.scorpion.pojo.PolicyExample" >
    <!--
      WARNING - @mbggenerated
      This element is automatically generated by MyBatis Generator, do not modify.
    -->
    select
    <if test="distinct" >
      distinct
    </if>
    <include refid="Base_Column_List" />
    ,
    <include refid="Blob_Column_List" />
    from policy
    <if test="_parameter != null" >
      <include refid="Example_Where_Clause" />
    </if>
    <if test="orderByClause != null" >
      order by ${orderByClause}
    </if>
  </select>
  <select id="selectByExample" resultMap="BaseResultMap" parameterType="com.scorpion.pojo.PolicyExample" >
    <!--
      WARNING - @mbggenerated
      This element is automatically generated by MyBatis Generator, do not modify.
    -->
    select
    <if test="distinct" >
      distinct
    </if>
    <include refid="Base_Column_List" />
    from policy
    <if test="_parameter != null" >
      <include refid="Example_Where_Clause" />
    </if>
    <if test="orderByClause != null" >
      order by ${orderByClause}
    </if>
  </select>
  <select id="selectByPrimaryKey" resultMap="ResultMapWithBLOBs" parameterType="java.lang.Integer" >
    <!--
      WARNING - @mbggenerated
      This element is automatically generated by MyBatis Generator, do not modify.
    -->
    select 
    <include refid="Base_Column_List" />
    ,
    <include refid="Blob_Column_List" />
    from policy
    where id = #{id,jdbcType=INTEGER}
  </select>
  <delete id="deleteByPrimaryKey" parameterType="java.lang.Integer" >
    <!--
      WARNING - @mbggenerated
      This element is automatically generated by MyBatis Generator, do not modify.
    -->
    delete from policy
    where id = #{id,jdbcType=INTEGER}
  </delete>
  <delete id="deleteByExample" parameterType="com.scorpion.pojo.PolicyExample" >
    <!--
      WARNING - @mbggenerated
      This element is automatically generated by MyBatis Generator, do not modify.
    -->
    delete from policy
    <if test="_parameter != null" >
      <include refid="Example_Where_Clause" />
    </if>
  </delete>
  <insert id="insert" parameterType="com.scorpion.pojo.PolicyWithBLOBs" >
    <!--
      WARNING - @mbggenerated
      This element is automatically generated by MyBatis Generator, do not modify.
    -->
    insert into policy (id, url, date, title, 
      category, category_en, html, 
      description)
    values (#{id,jdbcType=INTEGER}, #{url,jdbcType=VARCHAR}, #{date,jdbcType=DATE}, #{title,jdbcType=VARCHAR}, 
      #{category,jdbcType=VARCHAR}, #{categoryEn,jdbcType=VARCHAR}, #{html,jdbcType=LONGVARCHAR}, 
      #{description,jdbcType=LONGVARCHAR})
  </insert>
  <insert id="insertSelective" parameterType="com.scorpion.pojo.PolicyWithBLOBs" >
    <!--
      WARNING - @mbggenerated
      This element is automatically generated by MyBatis Generator, do not modify.
    -->
    insert into policy
    <trim prefix="(" suffix=")" suffixOverrides="," >
      <if test="id != null" >
        id,
      </if>
      <if test="url != null" >
        url,
      </if>
      <if test="date != null" >
        date,
      </if>
      <if test="title != null" >
        title,
      </if>
      <if test="category != null" >
        category,
      </if>
      <if test="categoryEn != null" >
        category_en,
      </if>
      <if test="html != null" >
        html,
      </if>
      <if test="description != null" >
        description,
      </if>
    </trim>
    <trim prefix="values (" suffix=")" suffixOverrides="," >
      <if test="id != null" >
        #{id,jdbcType=INTEGER},
      </if>
      <if test="url != null" >
        #{url,jdbcType=VARCHAR},
      </if>
      <if test="date != null" >
        #{date,jdbcType=DATE},
      </if>
      <if test="title != null" >
        #{title,jdbcType=VARCHAR},
      </if>
      <if test="category != null" >
        #{category,jdbcType=VARCHAR},
      </if>
      <if test="categoryEn != null" >
        #{categoryEn,jdbcType=VARCHAR},
      </if>
      <if test="html != null" >
        #{html,jdbcType=LONGVARCHAR},
      </if>
      <if test="description != null" >
        #{description,jdbcType=LONGVARCHAR},
      </if>
    </trim>
  </insert>
  <select id="countByExample" parameterType="com.scorpion.pojo.PolicyExample" resultType="java.lang.Integer" >
    <!--
      WARNING - @mbggenerated
      This element is automatically generated by MyBatis Generator, do not modify.
    -->
    select count(*) from policy
    <if test="_parameter != null" >
      <include refid="Example_Where_Clause" />
    </if>
  </select>
  <update id="updateByExampleSelective" parameterType="map" >
    <!--
      WARNING - @mbggenerated
      This element is automatically generated by MyBatis Generator, do not modify.
    -->
    update policy
    <set >
      <if test="record.id != null" >
        id = #{record.id,jdbcType=INTEGER},
      </if>
      <if test="record.url != null" >
        url = #{record.url,jdbcType=VARCHAR},
      </if>
      <if test="record.date != null" >
        date = #{record.date,jdbcType=DATE},
      </if>
      <if test="record.title != null" >
        title = #{record.title,jdbcType=VARCHAR},
      </if>
      <if test="record.category != null" >
        category = #{record.category,jdbcType=VARCHAR},
      </if>
      <if test="record.categoryEn != null" >
        category_en = #{record.categoryEn,jdbcType=VARCHAR},
      </if>
      <if test="record.html != null" >
        html = #{record.html,jdbcType=LONGVARCHAR},
      </if>
      <if test="record.description != null" >
        description = #{record.description,jdbcType=LONGVARCHAR},
      </if>
    </set>
    <if test="_parameter != null" >
      <include refid="Update_By_Example_Where_Clause" />
    </if>
  </update>
  <update id="updateByExampleWithBLOBs" parameterType="map" >
    <!--
      WARNING - @mbggenerated
      This element is automatically generated by MyBatis Generator, do not modify.
    -->
    update policy
    set id = #{record.id,jdbcType=INTEGER},
      url = #{record.url,jdbcType=VARCHAR},
      date = #{record.date,jdbcType=DATE},
      title = #{record.title,jdbcType=VARCHAR},
      category = #{record.category,jdbcType=VARCHAR},
      category_en = #{record.categoryEn,jdbcType=VARCHAR},
      html = #{record.html,jdbcType=LONGVARCHAR},
      description = #{record.description,jdbcType=LONGVARCHAR}
    <if test="_parameter != null" >
      <include refid="Update_By_Example_Where_Clause" />
    </if>
  </update>
  <update id="updateByExample" parameterType="map" >
    <!--
      WARNING - @mbggenerated
      This element is automatically generated by MyBatis Generator, do not modify.
    -->
    update policy
    set id = #{record.id,jdbcType=INTEGER},
      url = #{record.url,jdbcType=VARCHAR},
      date = #{record.date,jdbcType=DATE},
      title = #{record.title,jdbcType=VARCHAR},
      category = #{record.category,jdbcType=VARCHAR},
      category_en = #{record.categoryEn,jdbcType=VARCHAR}
    <if test="_parameter != null" >
      <include refid="Update_By_Example_Where_Clause" />
    </if>
  </update>
  <update id="updateByPrimaryKeySelective" parameterType="com.scorpion.pojo.PolicyWithBLOBs" >
    <!--
      WARNING - @mbggenerated
      This element is automatically generated by MyBatis Generator, do not modify.
    -->
    update policy
    <set >
      <if test="url != null" >
        url = #{url,jdbcType=VARCHAR},
      </if>
      <if test="date != null" >
        date = #{date,jdbcType=DATE},
      </if>
      <if test="title != null" >
        title = #{title,jdbcType=VARCHAR},
      </if>
      <if test="category != null" >
        category = #{category,jdbcType=VARCHAR},
      </if>
      <if test="categoryEn != null" >
        category_en = #{categoryEn,jdbcType=VARCHAR},
      </if>
      <if test="html != null" >
        html = #{html,jdbcType=LONGVARCHAR},
      </if>
      <if test="description != null" >
        description = #{description,jdbcType=LONGVARCHAR},
      </if>
    </set>
    where id = #{id,jdbcType=INTEGER}
  </update>
  <update id="updateByPrimaryKeyWithBLOBs" parameterType="com.scorpion.pojo.PolicyWithBLOBs" >
    <!--
      WARNING - @mbggenerated
      This element is automatically generated by MyBatis Generator, do not modify.
    -->
    update policy
    set url = #{url,jdbcType=VARCHAR},
      date = #{date,jdbcType=DATE},
      title = #{title,jdbcType=VARCHAR},
      category = #{category,jdbcType=VARCHAR},
      category_en = #{categoryEn,jdbcType=VARCHAR},
      html = #{html,jdbcType=LONGVARCHAR},
      description = #{description,jdbcType=LONGVARCHAR}
    where id = #{id,jdbcType=INTEGER}
  </update>
  <update id="updateByPrimaryKey" parameterType="com.scorpion.pojo.Policy" >
    <!--
      WARNING - @mbggenerated
      This element is automatically generated by MyBatis Generator, do not modify.
    -->
    update policy
    set url = #{url,jdbcType=VARCHAR},
      date = #{date,jdbcType=DATE},
      title = #{title,jdbcType=VARCHAR},
      category = #{category,jdbcType=VARCHAR},
      category_en = #{categoryEn,jdbcType=VARCHAR}
    where id = #{id,jdbcType=INTEGER}
  </update>
</mapper>