<?xml version="1.0" encoding="UTF-8" ?>
<!DOCTYPE mapper PUBLIC "-//mybatis.org//DTD Mapper 3.0//EN" "http://mybatis.org/dtd/mybatis-3-mapper.dtd" >
<mapper namespace="com.scorpion.dao.TopCompanyInfoMapper" >
  <resultMap id="BaseResultMap" type="com.scorpion.pojo.TopCompanyInfo" >
    <!--
      WARNING - @mbggenerated
      This element is automatically generated by MyBatis Generator, do not modify.
    -->
    <id column="id" property="id" jdbcType="INTEGER" />
    <result column="nbxh" property="nbxh" jdbcType="VARCHAR" />
    <result column="qymc" property="qymc" jdbcType="VARCHAR" />
    <result column="qyzch" property="qyzch" jdbcType="VARCHAR" />
    <result column="fddbr" property="fddbr" jdbcType="VARCHAR" />
    <result column="qylx" property="qylx" jdbcType="VARCHAR" />
    <result column="zt" property="zt" jdbcType="VARCHAR" />
    <result column="zczb" property="zczb" jdbcType="VARCHAR" />
    <result column="zs" property="zs" jdbcType="VARCHAR" />
    <result column="jyfw" property="jyfw" jdbcType="VARCHAR" />
    <result column="gxdw" property="gxdw" jdbcType="VARCHAR" />
    <result column="xkksrq" property="xkksrq" jdbcType="VARCHAR" />
    <result column="xkjsrq" property="xkjsrq" jdbcType="VARCHAR" />
    <result column="slrq" property="slrq" jdbcType="VARCHAR" />
    <result column="hy" property="hy" jdbcType="VARCHAR" />
    <result column="zzjgdm" property="zzjgdm" jdbcType="VARCHAR" />
    <result column="hzrq" property="hzrq" jdbcType="VARCHAR" />
    <result column="tyshxydm" property="tyshxydm" jdbcType="VARCHAR" />
    <result column="cym" property="cym" jdbcType="VARCHAR" />
    <result column="rksj" property="rksj" jdbcType="TIMESTAMP" />
  </resultMap>
  <sql id="Example_Where_Clause" >
    <!--
      WARNING - @mbggenerated
      This element is automatically generated by MyBatis Generator, do not modify.
    -->
    <where >
      <foreach collection="oredCriteria" item="criteria" separator="or" >
        <if test="criteria.valid" >
          <trim prefix="(" suffix=")" prefixOverrides="and" >
            <foreach collection="criteria.criteria" item="criterion" >
              <choose >
                <when test="criterion.noValue" >
                  and ${criterion.condition}
                </when>
                <when test="criterion.singleValue" >
                  and ${criterion.condition} #{criterion.value}
                </when>
                <when test="criterion.betweenValue" >
                  and ${criterion.condition} #{criterion.value} and #{criterion.secondValue}
                </when>
                <when test="criterion.listValue" >
                  and ${criterion.condition}
                  <foreach collection="criterion.value" item="listItem" open="(" close=")" separator="," >
                    #{listItem}
                  </foreach>
                </when>
              </choose>
            </foreach>
          </trim>
        </if>
      </foreach>
    </where>
  </sql>
  <sql id="Update_By_Example_Where_Clause" >
    <!--
      WARNING - @mbggenerated
      This element is automatically generated by MyBatis Generator, do not modify.
    -->
    <where >
      <foreach collection="example.oredCriteria" item="criteria" separator="or" >
        <if test="criteria.valid" >
          <trim prefix="(" suffix=")" prefixOverrides="and" >
            <foreach collection="criteria.criteria" item="criterion" >
              <choose >
                <when test="criterion.noValue" >
                  and ${criterion.condition}
                </when>
                <when test="criterion.singleValue" >
                  and ${criterion.condition} #{criterion.value}
                </when>
                <when test="criterion.betweenValue" >
                  and ${criterion.condition} #{criterion.value} and #{criterion.secondValue}
                </when>
                <when test="criterion.listValue" >
                  and ${criterion.condition}
                  <foreach collection="criterion.value" item="listItem" open="(" close=")" separator="," >
                    #{listItem}
                  </foreach>
                </when>
              </choose>
            </foreach>
          </trim>
        </if>
      </foreach>
    </where>
  </sql>
  <sql id="Base_Column_List" >
    <!--
      WARNING - @mbggenerated
      This element is automatically generated by MyBatis Generator, do not modify.
    -->
    id, nbxh, qymc, qyzch, fddbr, qylx, zt, zczb, zs, jyfw, gxdw, xkksrq, xkjsrq, slrq, 
    hy, zzjgdm, hzrq, tyshxydm, cym, rksj
  </sql>
  <select id="selectByExample" resultMap="BaseResultMap" parameterType="com.scorpion.pojo.TopCompanyInfoExample" >
    <!--
      WARNING - @mbggenerated
      This element is automatically generated by MyBatis Generator, do not modify.
    -->
    select
    <if test="distinct" >
      distinct
    </if>
    <include refid="Base_Column_List" />
    from top_info
    <if test="_parameter != null" >
      <include refid="Example_Where_Clause" />
    </if>
    <if test="orderByClause != null" >
      order by ${orderByClause}
    </if>
  </select>
  <select id="selectByPrimaryKey" resultMap="BaseResultMap" parameterType="java.lang.Integer" >
    <!--
      WARNING - @mbggenerated
      This element is automatically generated by MyBatis Generator, do not modify.
    -->
    select 
    <include refid="Base_Column_List" />
    from top_info
    where id = #{id,jdbcType=INTEGER}
  </select>
  <select id="getIndustryList" resultType="java.lang.String">
    SELECT DISTINCT hy from top_info
  </select>
  <select id="getComOfIndustry" parameterType="Map" resultType="java.lang.String">
    SELECT qymc from top_info where hy LIKE CONCAT('%',#{hy},'%' )
  </select>
  <delete id="deleteByPrimaryKey" parameterType="java.lang.Integer" >
    <!--
      WARNING - @mbggenerated
      This element is automatically generated by MyBatis Generator, do not modify.
    -->
    delete from top_info
    where id = #{id,jdbcType=INTEGER}
  </delete>
  <delete id="deleteByExample" parameterType="com.scorpion.pojo.TopCompanyInfoExample" >
    <!--
      WARNING - @mbggenerated
      This element is automatically generated by MyBatis Generator, do not modify.
    -->
    delete from top_info
    <if test="_parameter != null" >
      <include refid="Example_Where_Clause" />
    </if>
  </delete>
  <insert id="insert" parameterType="com.scorpion.pojo.TopCompanyInfo" >
    <!--
      WARNING - @mbggenerated
      This element is automatically generated by MyBatis Generator, do not modify.
    -->
    insert into top_info (id, nbxh, qymc, 
      qyzch, fddbr, qylx, 
      zt, zczb, zs, jyfw, 
      gxdw, xkksrq, xkjsrq, 
      slrq, hy, zzjgdm, hzrq, 
      tyshxydm, cym, rksj
      )
    values (#{id,jdbcType=INTEGER}, #{nbxh,jdbcType=VARCHAR}, #{qymc,jdbcType=VARCHAR}, 
      #{qyzch,jdbcType=VARCHAR}, #{fddbr,jdbcType=VARCHAR}, #{qylx,jdbcType=VARCHAR}, 
      #{zt,jdbcType=VARCHAR}, #{zczb,jdbcType=VARCHAR}, #{zs,jdbcType=VARCHAR}, #{jyfw,jdbcType=VARCHAR}, 
      #{gxdw,jdbcType=VARCHAR}, #{xkksrq,jdbcType=VARCHAR}, #{xkjsrq,jdbcType=VARCHAR}, 
      #{slrq,jdbcType=VARCHAR}, #{hy,jdbcType=VARCHAR}, #{zzjgdm,jdbcType=VARCHAR}, #{hzrq,jdbcType=VARCHAR}, 
      #{tyshxydm,jdbcType=VARCHAR}, #{cym,jdbcType=VARCHAR}, #{rksj,jdbcType=TIMESTAMP}
      )
  </insert>
  <insert id="insertSelective" parameterType="com.scorpion.pojo.TopCompanyInfo" >
    <!--
      WARNING - @mbggenerated
      This element is automatically generated by MyBatis Generator, do not modify.
    -->
    insert into top_info
    <trim prefix="(" suffix=")" suffixOverrides="," >
      <if test="id != null" >
        id,
      </if>
      <if test="nbxh != null" >
        nbxh,
      </if>
      <if test="qymc != null" >
        qymc,
      </if>
      <if test="qyzch != null" >
        qyzch,
      </if>
      <if test="fddbr != null" >
        fddbr,
      </if>
      <if test="qylx != null" >
        qylx,
      </if>
      <if test="zt != null" >
        zt,
      </if>
      <if test="zczb != null" >
        zczb,
      </if>
      <if test="zs != null" >
        zs,
      </if>
      <if test="jyfw != null" >
        jyfw,
      </if>
      <if test="gxdw != null" >
        gxdw,
      </if>
      <if test="xkksrq != null" >
        xkksrq,
      </if>
      <if test="xkjsrq != null" >
        xkjsrq,
      </if>
      <if test="slrq != null" >
        slrq,
      </if>
      <if test="hy != null" >
        hy,
      </if>
      <if test="zzjgdm != null" >
        zzjgdm,
      </if>
      <if test="hzrq != null" >
        hzrq,
      </if>
      <if test="tyshxydm != null" >
        tyshxydm,
      </if>
      <if test="cym != null" >
        cym,
      </if>
      <if test="rksj != null" >
        rksj,
      </if>
    </trim>
    <trim prefix="values (" suffix=")" suffixOverrides="," >
      <if test="id != null" >
        #{id,jdbcType=INTEGER},
      </if>
      <if test="nbxh != null" >
        #{nbxh,jdbcType=VARCHAR},
      </if>
      <if test="qymc != null" >
        #{qymc,jdbcType=VARCHAR},
      </if>
      <if test="qyzch != null" >
        #{qyzch,jdbcType=VARCHAR},
      </if>
      <if test="fddbr != null" >
        #{fddbr,jdbcType=VARCHAR},
      </if>
      <if test="qylx != null" >
        #{qylx,jdbcType=VARCHAR},
      </if>
      <if test="zt != null" >
        #{zt,jdbcType=VARCHAR},
      </if>
      <if test="zczb != null" >
        #{zczb,jdbcType=VARCHAR},
      </if>
      <if test="zs != null" >
        #{zs,jdbcType=VARCHAR},
      </if>
      <if test="jyfw != null" >
        #{jyfw,jdbcType=VARCHAR},
      </if>
      <if test="gxdw != null" >
        #{gxdw,jdbcType=VARCHAR},
      </if>
      <if test="xkksrq != null" >
        #{xkksrq,jdbcType=VARCHAR},
      </if>
      <if test="xkjsrq != null" >
        #{xkjsrq,jdbcType=VARCHAR},
      </if>
      <if test="slrq != null" >
        #{slrq,jdbcType=VARCHAR},
      </if>
      <if test="hy != null" >
        #{hy,jdbcType=VARCHAR},
      </if>
      <if test="zzjgdm != null" >
        #{zzjgdm,jdbcType=VARCHAR},
      </if>
      <if test="hzrq != null" >
        #{hzrq,jdbcType=VARCHAR},
      </if>
      <if test="tyshxydm != null" >
        #{tyshxydm,jdbcType=VARCHAR},
      </if>
      <if test="cym != null" >
        #{cym,jdbcType=VARCHAR},
      </if>
      <if test="rksj != null" >
        #{rksj,jdbcType=TIMESTAMP},
      </if>
    </trim>
  </insert>
  <select id="countByExample" parameterType="com.scorpion.pojo.TopCompanyInfoExample" resultType="java.lang.Integer" >
    <!--
      WARNING - @mbggenerated
      This element is automatically generated by MyBatis Generator, do not modify.
    -->
    select count(*) from top_info
    <if test="_parameter != null" >
      <include refid="Example_Where_Clause" />
    </if>
  </select>
  <update id="updateByExampleSelective" parameterType="map" >
    <!--
      WARNING - @mbggenerated
      This element is automatically generated by MyBatis Generator, do not modify.
    -->
    update top_info
    <set >
      <if test="record.id != null" >
        id = #{record.id,jdbcType=INTEGER},
      </if>
      <if test="record.nbxh != null" >
        nbxh = #{record.nbxh,jdbcType=VARCHAR},
      </if>
      <if test="record.qymc != null" >
        qymc = #{record.qymc,jdbcType=VARCHAR},
      </if>
      <if test="record.qyzch != null" >
        qyzch = #{record.qyzch,jdbcType=VARCHAR},
      </if>
      <if test="record.fddbr != null" >
        fddbr = #{record.fddbr,jdbcType=VARCHAR},
      </if>
      <if test="record.qylx != null" >
        qylx = #{record.qylx,jdbcType=VARCHAR},
      </if>
      <if test="record.zt != null" >
        zt = #{record.zt,jdbcType=VARCHAR},
      </if>
      <if test="record.zczb != null" >
        zczb = #{record.zczb,jdbcType=VARCHAR},
      </if>
      <if test="record.zs != null" >
        zs = #{record.zs,jdbcType=VARCHAR},
      </if>
      <if test="record.jyfw != null" >
        jyfw = #{record.jyfw,jdbcType=VARCHAR},
      </if>
      <if test="record.gxdw != null" >
        gxdw = #{record.gxdw,jdbcType=VARCHAR},
      </if>
      <if test="record.xkksrq != null" >
        xkksrq = #{record.xkksrq,jdbcType=VARCHAR},
      </if>
      <if test="record.xkjsrq != null" >
        xkjsrq = #{record.xkjsrq,jdbcType=VARCHAR},
      </if>
      <if test="record.slrq != null" >
        slrq = #{record.slrq,jdbcType=VARCHAR},
      </if>
      <if test="record.hy != null" >
        hy = #{record.hy,jdbcType=VARCHAR},
      </if>
      <if test="record.zzjgdm != null" >
        zzjgdm = #{record.zzjgdm,jdbcType=VARCHAR},
      </if>
      <if test="record.hzrq != null" >
        hzrq = #{record.hzrq,jdbcType=VARCHAR},
      </if>
      <if test="record.tyshxydm != null" >
        tyshxydm = #{record.tyshxydm,jdbcType=VARCHAR},
      </if>
      <if test="record.cym != null" >
        cym = #{record.cym,jdbcType=VARCHAR},
      </if>
      <if test="record.rksj != null" >
        rksj = #{record.rksj,jdbcType=TIMESTAMP},
      </if>
    </set>
    <if test="_parameter != null" >
      <include refid="Update_By_Example_Where_Clause" />
    </if>
  </update>
  <update id="updateByExample" parameterType="map" >
    <!--
      WARNING - @mbggenerated
      This element is automatically generated by MyBatis Generator, do not modify.
    -->
    update top_info
    set id = #{record.id,jdbcType=INTEGER},
      nbxh = #{record.nbxh,jdbcType=VARCHAR},
      qymc = #{record.qymc,jdbcType=VARCHAR},
      qyzch = #{record.qyzch,jdbcType=VARCHAR},
      fddbr = #{record.fddbr,jdbcType=VARCHAR},
      qylx = #{record.qylx,jdbcType=VARCHAR},
      zt = #{record.zt,jdbcType=VARCHAR},
      zczb = #{record.zczb,jdbcType=VARCHAR},
      zs = #{record.zs,jdbcType=VARCHAR},
      jyfw = #{record.jyfw,jdbcType=VARCHAR},
      gxdw = #{record.gxdw,jdbcType=VARCHAR},
      xkksrq = #{record.xkksrq,jdbcType=VARCHAR},
      xkjsrq = #{record.xkjsrq,jdbcType=VARCHAR},
      slrq = #{record.slrq,jdbcType=VARCHAR},
      hy = #{record.hy,jdbcType=VARCHAR},
      zzjgdm = #{record.zzjgdm,jdbcType=VARCHAR},
      hzrq = #{record.hzrq,jdbcType=VARCHAR},
      tyshxydm = #{record.tyshxydm,jdbcType=VARCHAR},
      cym = #{record.cym,jdbcType=VARCHAR},
      rksj = #{record.rksj,jdbcType=TIMESTAMP}
    <if test="_parameter != null" >
      <include refid="Update_By_Example_Where_Clause" />
    </if>
  </update>
  <update id="updateByPrimaryKeySelective" parameterType="com.scorpion.pojo.TopCompanyInfo" >
    <!--
      WARNING - @mbggenerated
      This element is automatically generated by MyBatis Generator, do not modify.
    -->
    update top_info
    <set >
      <if test="nbxh != null" >
        nbxh = #{nbxh,jdbcType=VARCHAR},
      </if>
      <if test="qymc != null" >
        qymc = #{qymc,jdbcType=VARCHAR},
      </if>
      <if test="qyzch != null" >
        qyzch = #{qyzch,jdbcType=VARCHAR},
      </if>
      <if test="fddbr != null" >
        fddbr = #{fddbr,jdbcType=VARCHAR},
      </if>
      <if test="qylx != null" >
        qylx = #{qylx,jdbcType=VARCHAR},
      </if>
      <if test="zt != null" >
        zt = #{zt,jdbcType=VARCHAR},
      </if>
      <if test="zczb != null" >
        zczb = #{zczb,jdbcType=VARCHAR},
      </if>
      <if test="zs != null" >
        zs = #{zs,jdbcType=VARCHAR},
      </if>
      <if test="jyfw != null" >
        jyfw = #{jyfw,jdbcType=VARCHAR},
      </if>
      <if test="gxdw != null" >
        gxdw = #{gxdw,jdbcType=VARCHAR},
      </if>
      <if test="xkksrq != null" >
        xkksrq = #{xkksrq,jdbcType=VARCHAR},
      </if>
      <if test="xkjsrq != null" >
        xkjsrq = #{xkjsrq,jdbcType=VARCHAR},
      </if>
      <if test="slrq != null" >
        slrq = #{slrq,jdbcType=VARCHAR},
      </if>
      <if test="hy != null" >
        hy = #{hy,jdbcType=VARCHAR},
      </if>
      <if test="zzjgdm != null" >
        zzjgdm = #{zzjgdm,jdbcType=VARCHAR},
      </if>
      <if test="hzrq != null" >
        hzrq = #{hzrq,jdbcType=VARCHAR},
      </if>
      <if test="tyshxydm != null" >
        tyshxydm = #{tyshxydm,jdbcType=VARCHAR},
      </if>
      <if test="cym != null" >
        cym = #{cym,jdbcType=VARCHAR},
      </if>
      <if test="rksj != null" >
        rksj = #{rksj,jdbcType=TIMESTAMP},
      </if>
    </set>
    where id = #{id,jdbcType=INTEGER}
  </update>
  <update id="updateByPrimaryKey" parameterType="com.scorpion.pojo.TopCompanyInfo" >
    <!--
      WARNING - @mbggenerated
      This element is automatically generated by MyBatis Generator, do not modify.
    -->
    update top_info
    set nbxh = #{nbxh,jdbcType=VARCHAR},
      qymc = #{qymc,jdbcType=VARCHAR},
      qyzch = #{qyzch,jdbcType=VARCHAR},
      fddbr = #{fddbr,jdbcType=VARCHAR},
      qylx = #{qylx,jdbcType=VARCHAR},
      zt = #{zt,jdbcType=VARCHAR},
      zczb = #{zczb,jdbcType=VARCHAR},
      zs = #{zs,jdbcType=VARCHAR},
      jyfw = #{jyfw,jdbcType=VARCHAR},
      gxdw = #{gxdw,jdbcType=VARCHAR},
      xkksrq = #{xkksrq,jdbcType=VARCHAR},
      xkjsrq = #{xkjsrq,jdbcType=VARCHAR},
      slrq = #{slrq,jdbcType=VARCHAR},
      hy = #{hy,jdbcType=VARCHAR},
      zzjgdm = #{zzjgdm,jdbcType=VARCHAR},
      hzrq = #{hzrq,jdbcType=VARCHAR},
      tyshxydm = #{tyshxydm,jdbcType=VARCHAR},
      cym = #{cym,jdbcType=VARCHAR},
      rksj = #{rksj,jdbcType=TIMESTAMP}
    where id = #{id,jdbcType=INTEGER}
  </update>
</mapper>