<?xml version="1.0" encoding="UTF-8" ?>
<!DOCTYPE mapper PUBLIC "-//mybatis.org//DTD Mapper 3.0//EN" "http://mybatis.org/dtd/mybatis-3-mapper.dtd" >
<mapper namespace="com.scorpion.dao.TopKeyAttentionMapper" >
  <resultMap id="BaseResultMap" type="com.scorpion.pojo.TopKeyAttention" >
    <!--
      WARNING - @mbggenerated
      This element is automatically generated by MyBatis Generator, do not modify.
    -->
    <id column="flag" property="flag" jdbcType="INTEGER" />

    <result column="category" property="category" jdbcType="VARCHAR" />
    <result column="source" property="source" jdbcType="VARCHAR" />
    <result column="count" property="count" jdbcType="INTEGER" />
    <result column="oreitation" property="oreitation" jdbcType="INTEGER" />
    <result column="topic" property="topic" jdbcType="VARCHAR" />
    <result column="oreitationvalue" property="oreitationvalue" jdbcType="REAL" />

  </resultMap>
  <resultMap id="ResultMapWithBLOBs" type="com.scorpion.pojo.TopKeyAttentionWithBLOBs" extends="BaseResultMap" >
    <!--
      WARNING - @mbggenerated
      This element is automatically generated by MyBatis Generator, do not modify.
    -->
    <result column="id" property="id" jdbcType="INTEGER" />
    <result column="word" property="word" jdbcType="LONGVARCHAR" />
    <result column="date" property="date" jdbcType="LONGVARCHAR" />
    <result column="name" property="name" jdbcType="LONGVARCHAR" />
    <result column="title" property="title" jdbcType="LONGVARCHAR" />
    <result column="url" property="url" jdbcType="LONGVARCHAR" />
    <result column="description" property="description" jdbcType="LONGVARCHAR" />
    <result column="html" property="html" jdbcType="LONGVARCHAR" />
    <result column="keywords" property="keywords" jdbcType="LONGVARCHAR" />
    <result column="Relcompany" property="relcompany" jdbcType="LONGVARCHAR" />
  </resultMap>
  <sql id="Example_Where_Clause" >
    <!--
      WARNING - @mbggenerated
      This element is automatically generated by MyBatis Generator, do not modify.
    -->
    <where >
      <foreach collection="oredCriteria" item="criteria" separator="or" >
        <if test="criteria.valid" >
          <trim prefix="(" suffix=")" prefixOverrides="and" >
            <foreach collection="criteria.criteria" item="criterion" >
              <choose >
                <when test="criterion.noValue" >
                  and ${criterion.condition}
                </when>
                <when test="criterion.singleValue" >
                  and ${criterion.condition} #{criterion.value}
                </when>
                <when test="criterion.betweenValue" >
                  and ${criterion.condition} #{criterion.value} and #{criterion.secondValue}
                </when>
                <when test="criterion.listValue" >
                  and ${criterion.condition}
                  <foreach collection="criterion.value" item="listItem" open="(" close=")" separator="," >
                    #{listItem}
                  </foreach>
                </when>
              </choose>
            </foreach>
          </trim>
        </if>
      </foreach>
    </where>
  </sql>
  <sql id="Update_By_Example_Where_Clause" >
    <!--
      WARNING - @mbggenerated
      This element is automatically generated by MyBatis Generator, do not modify.
    -->
    <where >
      <foreach collection="example.oredCriteria" item="criteria" separator="or" >
        <if test="criteria.valid" >
          <trim prefix="(" suffix=")" prefixOverrides="and" >
            <foreach collection="criteria.criteria" item="criterion" >
              <choose >
                <when test="criterion.noValue" >
                  and ${criterion.condition}
                </when>
                <when test="criterion.singleValue" >
                  and ${criterion.condition} #{criterion.value}
                </when>
                <when test="criterion.betweenValue" >
                  and ${criterion.condition} #{criterion.value} and #{criterion.secondValue}
                </when>
                <when test="criterion.listValue" >
                  and ${criterion.condition}
                  <foreach collection="criterion.value" item="listItem" open="(" close=")" separator="," >
                    #{listItem}
                  </foreach>
                </when>
              </choose>
            </foreach>
          </trim>
        </if>
      </foreach>
    </where>
  </sql>
  <sql id="Base_Column_List" >
    <!--
      WARNING - @mbggenerated
      This element is automatically generated by MyBatis Generator, do not modify.
    -->
    flag, id, date, category, source, count, oreitation, topic, oreitationvalue, word
  </sql>
  <sql id="Blob_Column_List" >
    <!--
      WARNING - @mbggenerated
      This element is automatically generated by MyBatis Generator, do not modify.
    -->
    name, title, url, description, html, keywords, Relcompany
  </sql>

  <select id="queryNewsOfAttKey" parameterType="Map" resultMap="ResultMapWithBLOBs">
    select * from toptest order by date desc limit #{start},#{size}
  </select>


  <select id="selectByExampleWithBLOBs" resultMap="ResultMapWithBLOBs" parameterType="com.scorpion.pojo.TopKeyAttentionExample" >
    <!--
      WARNING - @mbggenerated
      This element is automatically generated by MyBatis Generator, do not modify.
    -->
    select
    <if test="distinct" >
      distinct
    </if>
    <include refid="Base_Column_List" />
    ,
    <include refid="Blob_Column_List" />
    from toptest
    <if test="_parameter != null" >
      <include refid="Example_Where_Clause" />
    </if>
    <if test="orderByClause != null" >
      order by ${orderByClause}
    </if>
  </select>
  <select id="selectByExample" resultMap="BaseResultMap" parameterType="com.scorpion.pojo.TopKeyAttentionExample" >
    <!--
      WARNING - @mbggenerated
      This element is automatically generated by MyBatis Generator, do not modify.
    -->
    select
    <if test="distinct" >
      distinct
    </if>
    <include refid="Base_Column_List" />
    from toptest
    <if test="_parameter != null" >
      <include refid="Example_Where_Clause" />
    </if>
    <if test="orderByClause != null" >
      order by ${orderByClause}
    </if>
  </select>
  <select id="selectByPrimaryKey" resultMap="ResultMapWithBLOBs" parameterType="java.lang.Integer" >
    <!--
      WARNING - @mbggenerated
      This element is automatically generated by MyBatis Generator, do not modify.
    -->
    select 
    <include refid="Base_Column_List" />
    ,
    <include refid="Blob_Column_List" />
    from toptest
    where flag = #{flag,jdbcType=INTEGER}
  </select>
  <delete id="deleteByPrimaryKey" parameterType="java.lang.Integer" >
    <!--
      WARNING - @mbggenerated
      This element is automatically generated by MyBatis Generator, do not modify.
    -->
    delete from toptest
    where flag = #{flag,jdbcType=INTEGER}
  </delete>
  <delete id="deleteByExample" parameterType="com.scorpion.pojo.TopKeyAttentionExample" >
    <!--
      WARNING - @mbggenerated
      This element is automatically generated by MyBatis Generator, do not modify.
    -->
    delete from toptest
    <if test="_parameter != null" >
      <include refid="Example_Where_Clause" />
    </if>
  </delete>
  <insert id="insert" parameterType="com.scorpion.pojo.TopKeyAttentionWithBLOBs" >
    <!--
      WARNING - @mbggenerated
      This element is automatically generated by MyBatis Generator, do not modify.
    -->
    insert into toptest (flag, id, date, 
      category, source, count, 
      oreitation, topic, oreitationvalue, 
      word, name, title, 
      url, description, html, 
      keywords, Relcompany)
    values (#{flag,jdbcType=INTEGER}, #{id,jdbcType=INTEGER}, #{date,jdbcType=DATE}, 
      #{category,jdbcType=VARCHAR}, #{source,jdbcType=VARCHAR}, #{count,jdbcType=INTEGER}, 
      #{oreitation,jdbcType=INTEGER}, #{topic,jdbcType=VARCHAR}, #{oreitationvalue,jdbcType=REAL}, 
      #{word,jdbcType=VARCHAR}, #{name,jdbcType=LONGVARCHAR}, #{title,jdbcType=LONGVARCHAR}, 
      #{url,jdbcType=LONGVARCHAR}, #{description,jdbcType=LONGVARCHAR}, #{html,jdbcType=LONGVARCHAR}, 
      #{keywords,jdbcType=LONGVARCHAR}, #{relcompany,jdbcType=LONGVARCHAR})
  </insert>
  <insert id="insertSelective" parameterType="com.scorpion.pojo.TopKeyAttentionWithBLOBs" >
    <!--
      WARNING - @mbggenerated
      This element is automatically generated by MyBatis Generator, do not modify.
    -->
    insert into toptest
    <trim prefix="(" suffix=")" suffixOverrides="," >
      <if test="flag != null" >
        flag,
      </if>
      <if test="id != null" >
        id,
      </if>
      <if test="date != null" >
        date,
      </if>
      <if test="category != null" >
        category,
      </if>
      <if test="source != null" >
        source,
      </if>
      <if test="count != null" >
        count,
      </if>
      <if test="oreitation != null" >
        oreitation,
      </if>
      <if test="topic != null" >
        topic,
      </if>
      <if test="oreitationvalue != null" >
        oreitationvalue,
      </if>
      <if test="word != null" >
        word,
      </if>
      <if test="name != null" >
        name,
      </if>
      <if test="title != null" >
        title,
      </if>
      <if test="url != null" >
        url,
      </if>
      <if test="description != null" >
        description,
      </if>
      <if test="html != null" >
        html,
      </if>
      <if test="keywords != null" >
        keywords,
      </if>
      <if test="relcompany != null" >
        Relcompany,
      </if>
    </trim>
    <trim prefix="values (" suffix=")" suffixOverrides="," >
      <if test="flag != null" >
        #{flag,jdbcType=INTEGER},
      </if>
      <if test="id != null" >
        #{id,jdbcType=INTEGER},
      </if>
      <if test="date != null" >
        #{date,jdbcType=DATE},
      </if>
      <if test="category != null" >
        #{category,jdbcType=VARCHAR},
      </if>
      <if test="source != null" >
        #{source,jdbcType=VARCHAR},
      </if>
      <if test="count != null" >
        #{count,jdbcType=INTEGER},
      </if>
      <if test="oreitation != null" >
        #{oreitation,jdbcType=INTEGER},
      </if>
      <if test="topic != null" >
        #{topic,jdbcType=VARCHAR},
      </if>
      <if test="oreitationvalue != null" >
        #{oreitationvalue,jdbcType=REAL},
      </if>
      <if test="word != null" >
        #{word,jdbcType=VARCHAR},
      </if>
      <if test="name != null" >
        #{name,jdbcType=LONGVARCHAR},
      </if>
      <if test="title != null" >
        #{title,jdbcType=LONGVARCHAR},
      </if>
      <if test="url != null" >
        #{url,jdbcType=LONGVARCHAR},
      </if>
      <if test="description != null" >
        #{description,jdbcType=LONGVARCHAR},
      </if>
      <if test="html != null" >
        #{html,jdbcType=LONGVARCHAR},
      </if>
      <if test="keywords != null" >
        #{keywords,jdbcType=LONGVARCHAR},
      </if>
      <if test="relcompany != null" >
        #{relcompany,jdbcType=LONGVARCHAR},
      </if>
    </trim>
  </insert>
  <select id="countByExample" parameterType="com.scorpion.pojo.TopKeyAttentionExample" resultType="java.lang.Integer" >
    <!--
      WARNING - @mbggenerated
      This element is automatically generated by MyBatis Generator, do not modify.
    -->
    select count(*) from toptest
    <if test="_parameter != null" >
      <include refid="Example_Where_Clause" />
    </if>
  </select>
  <update id="updateByExampleSelective" parameterType="map" >
    <!--
      WARNING - @mbggenerated
      This element is automatically generated by MyBatis Generator, do not modify.
    -->
    update toptest
    <set >
      <if test="record.flag != null" >
        flag = #{record.flag,jdbcType=INTEGER},
      </if>
      <if test="record.id != null" >
        id = #{record.id,jdbcType=INTEGER},
      </if>
      <if test="record.date != null" >
        date = #{record.date,jdbcType=DATE},
      </if>
      <if test="record.category != null" >
        category = #{record.category,jdbcType=VARCHAR},
      </if>
      <if test="record.source != null" >
        source = #{record.source,jdbcType=VARCHAR},
      </if>
      <if test="record.count != null" >
        count = #{record.count,jdbcType=INTEGER},
      </if>
      <if test="record.oreitation != null" >
        oreitation = #{record.oreitation,jdbcType=INTEGER},
      </if>
      <if test="record.topic != null" >
        topic = #{record.topic,jdbcType=VARCHAR},
      </if>
      <if test="record.oreitationvalue != null" >
        oreitationvalue = #{record.oreitationvalue,jdbcType=REAL},
      </if>
      <if test="record.word != null" >
        word = #{record.word,jdbcType=VARCHAR},
      </if>
      <if test="record.name != null" >
        name = #{record.name,jdbcType=LONGVARCHAR},
      </if>
      <if test="record.title != null" >
        title = #{record.title,jdbcType=LONGVARCHAR},
      </if>
      <if test="record.url != null" >
        url = #{record.url,jdbcType=LONGVARCHAR},
      </if>
      <if test="record.description != null" >
        description = #{record.description,jdbcType=LONGVARCHAR},
      </if>
      <if test="record.html != null" >
        html = #{record.html,jdbcType=LONGVARCHAR},
      </if>
      <if test="record.keywords != null" >
        keywords = #{record.keywords,jdbcType=LONGVARCHAR},
      </if>
      <if test="record.relcompany != null" >
        Relcompany = #{record.relcompany,jdbcType=LONGVARCHAR},
      </if>
    </set>
    <if test="_parameter != null" >
      <include refid="Update_By_Example_Where_Clause" />
    </if>
  </update>
  <update id="updateByExampleWithBLOBs" parameterType="map" >
    <!--
      WARNING - @mbggenerated
      This element is automatically generated by MyBatis Generator, do not modify.
    -->
    update toptest
    set flag = #{record.flag,jdbcType=INTEGER},
      id = #{record.id,jdbcType=INTEGER},
      date = #{record.date,jdbcType=DATE},
      category = #{record.category,jdbcType=VARCHAR},
      source = #{record.source,jdbcType=VARCHAR},
      count = #{record.count,jdbcType=INTEGER},
      oreitation = #{record.oreitation,jdbcType=INTEGER},
      topic = #{record.topic,jdbcType=VARCHAR},
      oreitationvalue = #{record.oreitationvalue,jdbcType=REAL},
      word = #{record.word,jdbcType=VARCHAR},
      name = #{record.name,jdbcType=LONGVARCHAR},
      title = #{record.title,jdbcType=LONGVARCHAR},
      url = #{record.url,jdbcType=LONGVARCHAR},
      description = #{record.description,jdbcType=LONGVARCHAR},
      html = #{record.html,jdbcType=LONGVARCHAR},
      keywords = #{record.keywords,jdbcType=LONGVARCHAR},
      Relcompany = #{record.relcompany,jdbcType=LONGVARCHAR}
    <if test="_parameter != null" >
      <include refid="Update_By_Example_Where_Clause" />
    </if>
  </update>
  <update id="updateByExample" parameterType="map" >
    <!--
      WARNING - @mbggenerated
      This element is automatically generated by MyBatis Generator, do not modify.
    -->
    update toptest
    set flag = #{record.flag,jdbcType=INTEGER},
      id = #{record.id,jdbcType=INTEGER},
      date = #{record.date,jdbcType=DATE},
      category = #{record.category,jdbcType=VARCHAR},
      source = #{record.source,jdbcType=VARCHAR},
      count = #{record.count,jdbcType=INTEGER},
      oreitation = #{record.oreitation,jdbcType=INTEGER},
      topic = #{record.topic,jdbcType=VARCHAR},
      oreitationvalue = #{record.oreitationvalue,jdbcType=REAL},
      word = #{record.word,jdbcType=VARCHAR}
    <if test="_parameter != null" >
      <include refid="Update_By_Example_Where_Clause" />
    </if>
  </update>
  <update id="updateByPrimaryKeySelective" parameterType="com.scorpion.pojo.TopKeyAttentionWithBLOBs" >
    <!--
      WARNING - @mbggenerated
      This element is automatically generated by MyBatis Generator, do not modify.
    -->
    update toptest
    <set >
      <if test="id != null" >
        id = #{id,jdbcType=INTEGER},
      </if>
      <if test="date != null" >
        date = #{date,jdbcType=DATE},
      </if>
      <if test="category != null" >
        category = #{category,jdbcType=VARCHAR},
      </if>
      <if test="source != null" >
        source = #{source,jdbcType=VARCHAR},
      </if>
      <if test="count != null" >
        count = #{count,jdbcType=INTEGER},
      </if>
      <if test="oreitation != null" >
        oreitation = #{oreitation,jdbcType=INTEGER},
      </if>
      <if test="topic != null" >
        topic = #{topic,jdbcType=VARCHAR},
      </if>
      <if test="oreitationvalue != null" >
        oreitationvalue = #{oreitationvalue,jdbcType=REAL},
      </if>
      <if test="word != null" >
        word = #{word,jdbcType=VARCHAR},
      </if>
      <if test="name != null" >
        name = #{name,jdbcType=LONGVARCHAR},
      </if>
      <if test="title != null" >
        title = #{title,jdbcType=LONGVARCHAR},
      </if>
      <if test="url != null" >
        url = #{url,jdbcType=LONGVARCHAR},
      </if>
      <if test="description != null" >
        description = #{description,jdbcType=LONGVARCHAR},
      </if>
      <if test="html != null" >
        html = #{html,jdbcType=LONGVARCHAR},
      </if>
      <if test="keywords != null" >
        keywords = #{keywords,jdbcType=LONGVARCHAR},
      </if>
      <if test="relcompany != null" >
        Relcompany = #{relcompany,jdbcType=LONGVARCHAR},
      </if>
    </set>
    where flag = #{flag,jdbcType=INTEGER}
  </update>
  <update id="updateByPrimaryKeyWithBLOBs" parameterType="com.scorpion.pojo.TopKeyAttentionWithBLOBs" >
    <!--
      WARNING - @mbggenerated
      This element is automatically generated by MyBatis Generator, do not modify.
    -->
    update toptest
    set id = #{id,jdbcType=INTEGER},
      date = #{date,jdbcType=DATE},
      category = #{category,jdbcType=VARCHAR},
      source = #{source,jdbcType=VARCHAR},
      count = #{count,jdbcType=INTEGER},
      oreitation = #{oreitation,jdbcType=INTEGER},
      topic = #{topic,jdbcType=VARCHAR},
      oreitationvalue = #{oreitationvalue,jdbcType=REAL},
      word = #{word,jdbcType=VARCHAR},
      name = #{name,jdbcType=LONGVARCHAR},
      title = #{title,jdbcType=LONGVARCHAR},
      url = #{url,jdbcType=LONGVARCHAR},
      description = #{description,jdbcType=LONGVARCHAR},
      html = #{html,jdbcType=LONGVARCHAR},
      keywords = #{keywords,jdbcType=LONGVARCHAR},
      Relcompany = #{relcompany,jdbcType=LONGVARCHAR}
    where flag = #{flag,jdbcType=INTEGER}
  </update>
  <update id="updateByPrimaryKey" parameterType="com.scorpion.pojo.TopKeyAttention" >
    <!--
      WARNING - @mbggenerated
      This element is automatically generated by MyBatis Generator, do not modify.
    -->
    update toptest
    set id = #{id,jdbcType=INTEGER},
      date = #{date,jdbcType=DATE},
      category = #{category,jdbcType=VARCHAR},
      source = #{source,jdbcType=VARCHAR},
      count = #{count,jdbcType=INTEGER},
      oreitation = #{oreitation,jdbcType=INTEGER},
      topic = #{topic,jdbcType=VARCHAR},
      oreitationvalue = #{oreitationvalue,jdbcType=REAL},
      word = #{word,jdbcType=VARCHAR}
    where flag = #{flag,jdbcType=INTEGER}
  </update>
</mapper>