<?xml version="1.0" encoding="UTF-8" ?>
<!DOCTYPE mapper PUBLIC "-//mybatis.org//DTD Mapper 3.0//EN" "http://mybatis.org/dtd/mybatis-3-mapper.dtd" >
<mapper namespace="com.scorpion.dao.ZmqIndexMapper" >
  <resultMap id="BaseResultMap" type="com.scorpion.pojo.ZmqIndex" >
    <!--
      WARNING - @mbggenerated
      This element is automatically generated by MyBatis Generator, do not modify.
    -->
    <result column="keyword" property="keyword" jdbcType="VARCHAR" />
    <result column="date" property="date" jdbcType="TIMESTAMP" />
    <result column="type" property="type" jdbcType="VARCHAR" />
    <result column="indexNum" property="indexNum" jdbcType="INTEGER" />
  </resultMap>
  <sql id="Example_Where_Clause" >
    <!--
      WARNING - @mbggenerated
      This element is automatically generated by MyBatis Generator, do not modify.
    -->
    <where >
      <foreach collection="oredCriteria" item="criteria" separator="or" >
        <if test="criteria.valid" >
          <trim prefix="(" suffix=")" prefixOverrides="and" >
            <foreach collection="criteria.criteria" item="criterion" >
              <choose >
                <when test="criterion.noValue" >
                  and ${criterion.condition}
                </when>
                <when test="criterion.singleValue" >
                  and ${criterion.condition} #{criterion.value}
                </when>
                <when test="criterion.betweenValue" >
                  and ${criterion.condition} #{criterion.value} and #{criterion.secondValue}
                </when>
                <when test="criterion.listValue" >
                  and ${criterion.condition}
                  <foreach collection="criterion.value" item="listItem" open="(" close=")" separator="," >
                    #{listItem}
                  </foreach>
                </when>
              </choose>
            </foreach>
          </trim>
        </if>
      </foreach>
    </where>
  </sql>
  <sql id="Update_By_Example_Where_Clause" >
    <!--
      WARNING - @mbggenerated
      This element is automatically generated by MyBatis Generator, do not modify.
    -->
    <where >
      <foreach collection="example.oredCriteria" item="criteria" separator="or" >
        <if test="criteria.valid" >
          <trim prefix="(" suffix=")" prefixOverrides="and" >
            <foreach collection="criteria.criteria" item="criterion" >
              <choose >
                <when test="criterion.noValue" >
                  and ${criterion.condition}
                </when>
                <when test="criterion.singleValue" >
                  and ${criterion.condition} #{criterion.value}
                </when>
                <when test="criterion.betweenValue" >
                  and ${criterion.condition} #{criterion.value} and #{criterion.secondValue}
                </when>
                <when test="criterion.listValue" >
                  and ${criterion.condition}
                  <foreach collection="criterion.value" item="listItem" open="(" close=")" separator="," >
                    #{listItem}
                  </foreach>
                </when>
              </choose>
            </foreach>
          </trim>
        </if>
      </foreach>
    </where>
  </sql>
  <sql id="Base_Column_List" >
    <!--
      WARNING - @mbggenerated
      This element is automatically generated by MyBatis Generator, do not modify.
    -->
    keyword, date, type, index
  </sql>
  <select id="getNameList" resultType="java.lang.String">
    SELECT DISTINCT keyword from zmq_index
  </select>
  <select id="getIndexList" parameterType="Map" resultType="java.lang.Integer">
    SELECT indexNum from zmq_index where keyword LIKE CONCAT('%',#{keyword},'%') and TYPE LIKE CONCAT('%',#{type},'%')
  </select>
  <select id="getIndexListByDate" parameterType="Map" resultType="java.lang.Integer">
    SELECT indexNum from zmq_index where keyword LIKE CONCAT('%',#{keyword},'%') and TYPE LIKE CONCAT('%',#{type},'%') and date BETWEEN #{startDate} and #{endDate}
  </select>
  <select id="getDateList" parameterType="Map" resultType="java.lang.String">
    SELECT date from zmq_index where keyword LIKE CONCAT('%',#{keyword},'%')
  </select>
  <select id="selectByExample" resultMap="BaseResultMap" parameterType="com.scorpion.pojo.ZmqIndexExample" >
    <!--
      WARNING - @mbggenerated
      This element is automatically generated by MyBatis Generator, do not modify.
    -->
    select
    <if test="distinct" >
      distinct
    </if>
    <include refid="Base_Column_List" />
    from zmq_index
    <if test="_parameter != null" >
      <include refid="Example_Where_Clause" />
    </if>
    <if test="orderByClause != null" >
      order by ${orderByClause}
    </if>
  </select>
  <delete id="deleteByExample" parameterType="com.scorpion.pojo.ZmqIndexExample" >
    <!--
      WARNING - @mbggenerated
      This element is automatically generated by MyBatis Generator, do not modify.
    -->
    delete from zmq_index
    <if test="_parameter != null" >
      <include refid="Example_Where_Clause" />
    </if>
  </delete>
  <insert id="insert" parameterType="com.scorpion.pojo.ZmqIndex" >
    <!--
      WARNING - @mbggenerated
      This element is automatically generated by MyBatis Generator, do not modify.
    -->
    insert into zmq_index (keyword, date, type, 
      index)
    values (#{keyword,jdbcType=VARCHAR}, #{date,jdbcType=TIMESTAMP}, #{type,jdbcType=VARCHAR}, 
      #{index,jdbcType=INTEGER})
  </insert>
  <insert id="insertSelective" parameterType="com.scorpion.pojo.ZmqIndex" >
    <!--
      WARNING - @mbggenerated
      This element is automatically generated by MyBatis Generator, do not modify.
    -->
    insert into zmq_index
    <trim prefix="(" suffix=")" suffixOverrides="," >
      <if test="keyword != null" >
        keyword,
      </if>
      <if test="date != null" >
        date,
      </if>
      <if test="type != null" >
        type,
      </if>
      <if test="index != null" >
        index,
      </if>
    </trim>
    <trim prefix="values (" suffix=")" suffixOverrides="," >
      <if test="keyword != null" >
        #{keyword,jdbcType=VARCHAR},
      </if>
      <if test="date != null" >
        #{date,jdbcType=TIMESTAMP},
      </if>
      <if test="type != null" >
        #{type,jdbcType=VARCHAR},
      </if>
      <if test="index != null" >
        #{index,jdbcType=INTEGER},
      </if>
    </trim>
  </insert>
  <select id="countByExample" parameterType="com.scorpion.pojo.ZmqIndexExample" resultType="java.lang.Integer" >
    <!--
      WARNING - @mbggenerated
      This element is automatically generated by MyBatis Generator, do not modify.
    -->
    select count(*) from zmq_index
    <if test="_parameter != null" >
      <include refid="Example_Where_Clause" />
    </if>
  </select>
  <update id="updateByExampleSelective" parameterType="map" >
    <!--
      WARNING - @mbggenerated
      This element is automatically generated by MyBatis Generator, do not modify.
    -->
    update zmq_index
    <set >
      <if test="record.keyword != null" >
        keyword = #{record.keyword,jdbcType=VARCHAR},
      </if>
      <if test="record.date != null" >
        date = #{record.date,jdbcType=TIMESTAMP},
      </if>
      <if test="record.type != null" >
        type = #{record.type,jdbcType=VARCHAR},
      </if>
      <if test="record.index != null" >
        index = #{record.index,jdbcType=INTEGER},
      </if>
    </set>
    <if test="_parameter != null" >
      <include refid="Update_By_Example_Where_Clause" />
    </if>
  </update>
  <update id="updateByExample" parameterType="map" >
    <!--
      WARNING - @mbggenerated
      This element is automatically generated by MyBatis Generator, do not modify.
    -->
    update zmq_index
    set keyword = #{record.keyword,jdbcType=VARCHAR},
      date = #{record.date,jdbcType=TIMESTAMP},
      type = #{record.type,jdbcType=VARCHAR},
      index = #{record.index,jdbcType=INTEGER}
    <if test="_parameter != null" >
      <include refid="Update_By_Example_Where_Clause" />
    </if>
  </update>
</mapper>